env_step,returned_episode_returns
4096,0
8192,0
12288,0
16384,0
20480,0
24576,0
28672,0
32768,0
36864,0
40960,0
45056,0
49152,0
53248,0
57344,0
61440,0
65536,0
69632,0
73728,0
77824,0
81920,0
86016,0
90112,0
94208,0
98304,0
102400,0
106496,0
110592,0
114688,0
118784,0
122880,0
126976,0
131072,0
135168,0
139264,0
143360,0
147456,0
151552,0
155648,0
159744,0
163840,0
167936,0
172032,0
176128,0
180224,0
184320,0
188416,0
192512,0
196608,0
200704,0
204800,0
208896,0
212992,0
217088,0
221184,0
225280,0
229376,0
233472,0
237568,0
241664,0
245760,0
249856,0
253952,0
258048,0
262144,0
266240,0
270336,0
274432,0
278528,0
282624,0
286720,0
290816,0
294912,0
299008,0
303104,0
307200,0
311296,0
315392,0
319488,0
323584,0.474365234375
327680,0.5234375
331776,0.5234375
335872,0.5234375
339968,0.5234375
344064,0.5234375
348160,0.5234375
352256,0.5234375
356352,0.5234375
360448,0.5234375
364544,0.5234375
368640,0.5234375
372736,0.5234375
376832,0.5234375
380928,0.5234375
385024,0.5234375
389120,0.5234375
393216,0.5234375
397312,0.5234375
401408,0.5234375
405504,0.5234375
409600,0.5234375
413696,0.5234375
417792,0.5234375
421888,0.5234375
425984,0.5234375
430080,0.5234375
434176,0.5234375
438272,0.5234375
442368,0.5234375
446464,0.5234375
450560,0.5234375
454656,0.5234375
458752,0.5234375
462848,0.5234375
466944,0.5234375
471040,0.5234375
475136,0.5234375
479232,0.5234375
483328,0.5234375
487424,0.5234375
491520,0.5234375
495616,0.5234375
499712,0.5234375
503808,0.5234375
507904,0.5234375
512000,0.5234375
516096,0.5234375
520192,0.5234375
524288,0.5234375
528384,0.5234375
532480,0.5234375
536576,0.5234375
540672,0.5234375
544768,0.5234375
548864,0.5234375
552960,0.5234375
557056,0.5234375
561152,0.5234375
565248,0.5234375
569344,0.5234375
573440,0.5234375
577536,0.5234375
581632,0.5234375
585728,0.5234375
589824,0.5234375
593920,0.5234375
598016,0.5234375
602112,0.5234375
606208,0.5234375
610304,0.5234375
614400,0.5234375
618496,0.5234375
622592,0.5234375
626688,0.5234375
630784,0.5234375
634880,0.5234375
638976,0.5234375
643072,0.981201171875
647168,1.109375
651264,1.109375
655360,1.109375
659456,1.109375
663552,1.109375
667648,1.109375
671744,1.109375
675840,1.109375
679936,1.109375
684032,1.109375
688128,1.109375
692224,1.109375
696320,1.109375
700416,1.109375
704512,1.109375
708608,1.109375
712704,1.109375
716800,1.109375
720896,1.109375
724992,1.109375
729088,1.109375
733184,1.109375
737280,1.109375
741376,1.109375
745472,1.109375
749568,1.109375
753664,1.109375
757760,1.109375
761856,1.109375
765952,1.109375
770048,1.109375
774144,1.109375
778240,1.109375
782336,1.109375
786432,1.109375
790528,1.109375
794624,1.109375
798720,1.109375
802816,1.109375
806912,1.109375
811008,1.109375
815104,1.109375
819200,1.109375
823296,1.109375
827392,1.109375
831488,1.109375
835584,1.109375
839680,1.109375
843776,1.109375
847872,1.109375
851968,1.109375
856064,1.109375
860160,1.109375
864256,1.109375
868352,1.109375
872448,1.109375
876544,1.109375
880640,1.109375
884736,1.109375
888832,1.109375
892928,1.109375
897024,1.109375
901120,1.109375
905216,1.109375
909312,1.109375
913408,1.109375
917504,1.109375
921600,1.109375
925696,1.109375
929792,1.109375
933888,1.109375
937984,1.109375
942080,1.109375
946176,1.109375
950272,1.109375
954368,1.109375
958464,1.109375
962560,2.088623046875
966656,2.6015625
970752,2.6015625
974848,2.6015625
978944,2.6015625
983040,2.6015625
987136,2.6015625
991232,2.6015625
995328,2.6015625
999424,2.6015625
1003520,2.6015625
1007616,2.6015625
1011712,2.6015625
1015808,2.6015625
1019904,2.6015625
1024000,2.6015625
1028096,2.6015625
1032192,2.6015625
1036288,2.6015625
1040384,2.6015625
1044480,2.6015625
1048576,2.6015625
1052672,2.6015625
1056768,2.6015625
1060864,2.6015625
1064960,2.6015625
1069056,2.6015625
1073152,2.6015625
1077248,2.6015625
1081344,2.6015625
1085440,2.6015625
1089536,2.6015625
1093632,2.6015625
1097728,2.6015625
1101824,2.6015625
1105920,2.6015625
1110016,2.6015625
1114112,2.6015625
1118208,2.6015625
1122304,2.6015625
1126400,2.6015625
1130496,2.6015625
1134592,2.6015625
1138688,2.6015625
1142784,2.6015625
1146880,2.6015625
1150976,2.6015625
1155072,2.6015625
1159168,2.6015625
1163264,2.6015625
1167360,2.6015625
1171456,2.6015625
1175552,2.6015625
1179648,2.6015625
1183744,2.6015625
1187840,2.6015625
1191936,2.6015625
1196032,2.6015625
1200128,2.6015625
1204224,2.6015625
1208320,2.6015625
1212416,2.6015625
1216512,2.6015625
1220608,2.6015625
1224704,2.6015625
1228800,2.6015625
1232896,2.6015625
1236992,2.6015625
1241088,2.6015625
1245184,2.6015625
1249280,2.6015625
1253376,2.6015625
1257472,2.6015625
1261568,2.6015625
1265664,2.6015625
1269760,2.6015625
1273856,2.6015625
1277952,2.6015625
1282048,3.95458984375
1286144,5.1484375
1290240,5.1484375
1294336,5.1484375
1298432,5.1484375
1302528,5.1484375
1306624,5.1484375
1310720,5.1484375
1314816,5.1484375
1318912,5.1484375
1323008,5.1484375
1327104,5.1484375
1331200,5.1484375
1335296,5.1484375
1339392,5.1484375
1343488,5.1484375
1347584,5.1484375
1351680,5.1484375
1355776,5.1484375
1359872,5.1484375
1363968,5.1484375
1368064,5.1484375
1372160,5.1484375
1376256,5.1484375
1380352,5.1484375
1384448,5.1484375
1388544,5.1484375
1392640,5.1484375
1396736,5.1484375
1400832,5.1484375
1404928,5.1484375
1409024,5.1484375
1413120,5.1484375
1417216,5.1484375
1421312,5.1484375
1425408,5.1484375
1429504,5.1484375
1433600,5.1484375
1437696,5.1484375
1441792,5.1484375
1445888,5.1484375
1449984,5.1484375
1454080,5.1484375
1458176,5.1484375
1462272,5.1484375
1466368,5.1484375
1470464,5.1484375
1474560,5.1484375
1478656,5.1484375
1482752,5.1484375
1486848,5.1484375
1490944,5.1484375
1495040,5.1484375
1499136,5.1484375
1503232,5.1484375
1507328,5.1484375
1511424,5.1484375
1515520,5.1484375
1519616,5.1484375
1523712,5.1484375
1527808,5.1484375
1531904,5.1484375
1536000,5.1484375
1540096,5.1484375
1544192,5.1484375
1548288,5.1484375
1552384,5.1484375
1556480,5.1484375
1560576,5.1484375
1564672,5.1484375
1568768,5.1484375
1572864,5.1484375
1576960,5.1484375
1581056,5.1484375
1585152,5.1484375
1589248,5.1484375
1593344,5.1484375
1597440,5.1484375
1601536,6.8623046875
1605632,9.3671875
1609728,9.3671875
1613824,9.3671875
1617920,9.3671875
1622016,9.3671875
1626112,9.3671875
1630208,9.3671875
1634304,9.3671875
1638400,9.3671875
1642496,9.3671875
1646592,9.3671875
1650688,9.3671875
1654784,9.3671875
1658880,9.3671875
1662976,9.3671875
1667072,9.3671875
1671168,9.3671875
1675264,9.3671875
1679360,9.3671875
1683456,9.3671875
1687552,9.3671875
1691648,9.3671875
1695744,9.3671875
1699840,9.3671875
1703936,9.3671875
1708032,9.3671875
1712128,9.3671875
1716224,9.3671875
1720320,9.3671875
1724416,9.3671875
1728512,9.3671875
1732608,9.3671875
1736704,9.3671875
1740800,9.3671875
1744896,9.3671875
1748992,9.3671875
1753088,9.3671875
1757184,9.3671875
1761280,9.3671875
1765376,9.3671875
1769472,9.3671875
1773568,9.3671875
1777664,9.3671875
1781760,9.3671875
1785856,9.3671875
1789952,9.3671875
1794048,9.3671875
1798144,9.3671875
1802240,9.3671875
1806336,9.3671875
1810432,9.3671875
1814528,9.3671875
1818624,9.3671875
1822720,9.3671875
1826816,9.3671875
1830912,9.3671875
1835008,9.3671875
1839104,9.3671875
1843200,9.3671875
1847296,9.3671875
1851392,9.3671875
1855488,9.3671875
1859584,9.3671875
1863680,9.3671875
1867776,9.3671875
1871872,9.3671875
1875968,9.3671875
1880064,9.3671875
1884160,9.3671875
1888256,9.3671875
1892352,9.3671875
1896448,9.3671875
1900544,9.3671875
1904640,9.3671875
1908736,9.3671875
1912832,9.3671875
1916928,9.3671875
1921024,11.03271484375
1925120,15.2890625
1929216,15.2890625
1933312,15.2890625
1937408,15.2890625
1941504,15.2890625
1945600,15.2890625
1949696,15.2890625
1953792,15.2890625
1957888,15.2890625
1961984,15.2890625
1966080,15.2890625
1970176,15.2890625
1974272,15.2890625
1978368,15.2890625
1982464,15.2890625
1986560,15.2890625
1990656,15.2890625
1994752,15.2890625
1998848,15.2890625
2002944,15.2890625
2007040,15.2890625
2011136,15.2890625
2015232,15.2890625
2019328,15.2890625
2023424,15.2890625
2027520,15.2890625
2031616,15.2890625
2035712,15.2890625
2039808,15.2890625
2043904,15.2890625
2048000,15.2890625
2052096,15.2890625
2056192,15.2890625
2060288,15.2890625
2064384,15.2890625
2068480,15.2890625
2072576,15.2890625
2076672,15.2890625
2080768,15.2890625
2084864,15.2890625
2088960,15.2890625
2093056,15.2890625
2097152,15.2890625
2101248,15.2890625
2105344,15.2890625
2109440,15.2890625
2113536,15.2890625
2117632,15.2890625
2121728,15.2890625
2125824,15.2890625
2129920,15.2890625
2134016,15.2890625
2138112,15.2890625
2142208,15.2890625
2146304,15.2890625
2150400,15.2890625
2154496,15.2890625
2158592,15.2890625
2162688,15.2890625
2166784,15.2890625
2170880,15.2890625
2174976,15.2890625
2179072,15.2890625
2183168,15.2890625
2187264,15.2890625
2191360,15.2890625
2195456,15.2890625
2199552,15.2890625
2203648,15.2890625
2207744,15.2890625
2211840,15.2890625
2215936,15.2890625
2220032,15.2890625
2224128,15.2890625
2228224,15.2890625
2232320,15.2890625
2236416,15.2890625
2240512,16.51953125
2244608,23.1640625
2248704,23.1640625
2252800,23.1640625
2256896,23.1640625
2260992,23.1640625
2265088,23.1640625
2269184,23.1640625
2273280,23.1640625
2277376,23.1640625
2281472,23.1640625
2285568,23.1640625
2289664,23.1640625
2293760,23.1640625
2297856,23.1640625
2301952,23.1640625
2306048,23.1640625
2310144,23.1640625
2314240,23.1640625
2318336,23.1640625
2322432,23.1640625
2326528,23.1640625
2330624,23.1640625
2334720,23.1640625
2338816,23.1640625
2342912,23.1640625
2347008,23.1640625
2351104,23.1640625
2355200,23.1640625
2359296,23.1640625
2363392,23.1640625
2367488,23.1640625
2371584,23.1640625
2375680,23.1640625
2379776,23.1640625
2383872,23.1640625
2387968,23.1640625
2392064,23.1640625
2396160,23.1640625
2400256,23.1640625
2404352,23.1640625
2408448,23.1640625
2412544,23.1640625
2416640,23.1640625
2420736,23.1640625
2424832,23.1640625
2428928,23.1640625
2433024,23.1640625
2437120,23.1640625
2441216,23.1640625
2445312,23.1640625
2449408,23.1640625
2453504,23.1640625
2457600,23.1640625
2461696,23.1640625
2465792,23.1640625
2469888,23.1640625
2473984,23.1640625
2478080,23.1640625
2482176,23.1640625
2486272,23.1640625
2490368,23.1640625
2494464,23.1640625
2498560,23.1640625
2502656,23.1640625
2506752,23.1640625
2510848,23.1640625
2514944,23.1640625
2519040,23.1640625
2523136,23.1640625
2527232,23.1640625
2531328,23.1640625
2535424,23.1640625
2539520,23.1640625
2543616,23.1640625
2547712,23.1640625
2551808,23.1640625
2555904,23.1640625
2560000,23.44384765625
2564096,32.1171875
2568192,32.1171875
2572288,32.1171875
2576384,32.1171875
2580480,32.1171875
2584576,32.1171875
2588672,32.1171875
2592768,32.1171875
2596864,32.1171875
2600960,32.1171875
2605056,32.1171875
2609152,32.1171875
2613248,32.1171875
2617344,32.1171875
2621440,32.1171875
2625536,32.1171875
2629632,32.1171875
2633728,32.1171875
2637824,32.1171875
2641920,32.1171875
2646016,32.1171875
2650112,32.1171875
2654208,32.1171875
2658304,32.1171875
2662400,32.1171875
2666496,32.1171875
2670592,32.1171875
2674688,32.1171875
2678784,32.1171875
2682880,32.1171875
2686976,32.1171875
2691072,32.1171875
2695168,32.1171875
2699264,32.1171875
2703360,32.1171875
2707456,32.1171875
2711552,32.1171875
2715648,32.1171875
2719744,32.1171875
2723840,32.1171875
2727936,32.1171875
2732032,32.1171875
2736128,32.1171875
2740224,32.1171875
2744320,32.1171875
2748416,32.1171875
2752512,32.1171875
2756608,32.1171875
2760704,32.1171875
2764800,32.1171875
2768896,32.1171875
2772992,32.1171875
2777088,32.1171875
2781184,32.1171875
2785280,32.1171875
2789376,32.1171875
2793472,32.1171875
2797568,32.1171875
2801664,32.1171875
2805760,32.1171875
2809856,32.1171875
2813952,32.1171875
2818048,32.1171875
2822144,32.1171875
2826240,32.1171875
2830336,32.1171875
2834432,32.1171875
2838528,32.1171875
2842624,32.1171875
2846720,32.1171875
2850816,32.1171875
2854912,32.1171875
2859008,32.1171875
2863104,32.1171875
2867200,32.1171875
2871296,32.1171875
2875392,32.1171875
2879488,32.1171875
2883584,42.107177734375
2887680,43.140625
2891776,43.140625
2895872,43.140625
2899968,43.140625
2904064,43.140625
2908160,43.140625
2912256,43.140625
2916352,43.140625
2920448,43.140625
2924544,43.140625
2928640,43.140625
2932736,43.140625
2936832,43.140625
2940928,43.140625
2945024,43.140625
2949120,43.140625
2953216,43.140625
2957312,43.140625
2961408,43.140625
2965504,43.140625
2969600,43.140625
2973696,43.140625
2977792,43.140625
2981888,43.140625
2985984,43.140625
2990080,43.140625
2994176,43.140625
2998272,43.140625
3002368,43.140625
3006464,43.140625
3010560,43.140625
3014656,43.140625
3018752,43.140625
3022848,43.140625
3026944,43.140625
3031040,43.140625
3035136,43.140625
3039232,43.140625
3043328,43.140625
3047424,43.140625
3051520,43.140625
3055616,43.140625
3059712,43.140625
3063808,43.140625
3067904,43.140625
3072000,43.140625
3076096,43.140625
3080192,43.140625
3084288,43.140625
3088384,43.140625
3092480,43.140625
3096576,43.140625
3100672,43.140625
3104768,43.140625
3108864,43.140625
3112960,43.140625
3117056,43.140625
3121152,43.140625
3125248,43.140625
3129344,43.140625
3133440,43.140625
3137536,43.140625
3141632,43.140625
3145728,43.140625
3149824,43.140625
3153920,43.140625
3158016,43.140625
3162112,43.140625
3166208,43.140625
3170304,43.140625
3174400,43.140625
3178496,43.140625
3182592,43.140625
3186688,43.140625
3190784,43.140625
3194880,43.140625
3198976,43.140625
3203072,50.98974609375
3207168,53.1875
3211264,53.1875
3215360,53.1875
3219456,53.1875
3223552,53.1875
3227648,53.1875
3231744,53.1875
3235840,53.1875
3239936,53.1875
3244032,53.1875
3248128,53.1875
3252224,53.1875
3256320,53.1875
3260416,53.1875
3264512,53.1875
3268608,53.1875
3272704,53.1875
3276800,53.1875
3280896,53.1875
3284992,53.1875
3289088,53.1875
3293184,53.1875
3297280,53.1875
3301376,53.1875
3305472,53.1875
3309568,53.1875
3313664,53.1875
3317760,53.1875
3321856,53.1875
3325952,53.1875
3330048,53.1875
3334144,53.1875
3338240,53.1875
3342336,53.1875
3346432,53.1875
3350528,53.1875
3354624,53.1875
3358720,53.1875
3362816,53.1875
3366912,53.1875
3371008,53.1875
3375104,53.1875
3379200,53.1875
3383296,53.1875
3387392,53.1875
3391488,53.1875
3395584,53.1875
3399680,53.1875
3403776,53.1875
3407872,53.1875
3411968,53.1875
3416064,53.1875
3420160,53.1875
3424256,53.1875
3428352,53.1875
3432448,53.1875
3436544,53.1875
3440640,53.1875
3444736,53.1875
3448832,53.1875
3452928,53.1875
3457024,53.1875
3461120,53.1875
3465216,53.1875
3469312,53.1875
3473408,53.1875
3477504,53.1875
3481600,53.1875
3485696,53.1875
3489792,53.1875
3493888,53.1875
3497984,53.1875
3502080,53.1875
3506176,53.1875
3510272,53.1875
3514368,53.1875
3518464,53.1875
3522560,53.582275390625
3526656,53.7890625
3530752,53.7890625
3534848,53.7890625
3538944,53.7890625
3543040,53.7890625
3547136,53.7890625
3551232,53.7890625
3555328,53.7890625
3559424,53.7890625
3563520,53.7890625
3567616,53.7890625
3571712,53.7890625
3575808,53.7890625
3579904,53.7890625
3584000,53.7890625
3588096,53.7890625
3592192,53.7890625
3596288,53.7890625
3600384,53.7890625
3604480,53.7890625
3608576,53.7890625
3612672,53.7890625
3616768,53.7890625
3620864,53.7890625
3624960,53.7890625
3629056,53.7890625
3633152,53.7890625
3637248,53.7890625
3641344,53.7890625
3645440,53.7890625
3649536,53.7890625
3653632,53.7890625
3657728,53.7890625
3661824,53.7890625
3665920,53.7890625
3670016,53.7890625
3674112,53.7890625
3678208,53.7890625
3682304,53.7890625
3686400,53.7890625
3690496,53.7890625
3694592,53.7890625
3698688,53.7890625
3702784,53.7890625
3706880,53.7890625
3710976,53.7890625
3715072,53.7890625
3719168,53.7890625
3723264,53.7890625
3727360,53.7890625
3731456,53.7890625
3735552,53.7890625
3739648,53.7890625
3743744,53.7890625
3747840,53.7890625
3751936,53.7890625
3756032,53.7890625
3760128,53.7890625
3764224,53.7890625
3768320,53.7890625
3772416,53.7890625
3776512,53.7890625
3780608,53.7890625
3784704,53.7890625
3788800,53.7890625
3792896,53.7890625
3796992,53.7890625
3801088,53.7890625
3805184,53.7890625
3809280,53.7890625
3813376,53.7890625
3817472,53.7890625
3821568,53.7890625
3825664,53.7890625
3829760,53.7890625
3833856,53.7890625
3837952,53.7890625
3842048,53.818115234375
3846144,53.84375
3850240,53.84375
3854336,53.84375
3858432,53.84375
3862528,53.84375
3866624,53.84375
3870720,53.84375
3874816,53.84375
3878912,53.84375
3883008,53.84375
3887104,53.84375
3891200,53.84375
3895296,53.84375
3899392,53.84375
3903488,53.84375
3907584,53.84375
3911680,53.84375
3915776,53.84375
3919872,53.84375
3923968,53.84375
3928064,53.84375
3932160,53.84375
3936256,53.84375
3940352,53.84375
3944448,53.84375
3948544,53.84375
3952640,53.84375
3956736,53.84375
3960832,53.84375
3964928,53.84375
3969024,53.84375
3973120,53.84375
3977216,53.84375
3981312,53.84375
3985408,53.84375
3989504,53.84375
3993600,53.84375
3997696,53.84375
4001792,53.84375
4005888,53.84375
4009984,53.84375
4014080,53.84375
4018176,53.84375
4022272,53.84375
4026368,53.84375
4030464,53.84375
4034560,53.84375
4038656,53.84375
4042752,53.84375
4046848,53.84375
4050944,53.84375
4055040,53.84375
4059136,53.84375
4063232,53.84375
4067328,53.84375
4071424,53.84375
4075520,53.84375
4079616,53.84375
4083712,53.84375
4087808,53.84375
4091904,53.84375
4096000,53.84375
4100096,53.84375
4104192,53.84375
4108288,53.84375
4112384,53.84375
4116480,53.84375
4120576,53.84375
4124672,53.84375
4128768,53.84375
4132864,53.84375
4136960,53.84375
4141056,53.84375
4145152,53.84375
4149248,53.84375
4153344,53.84375
4157440,53.84375
4161536,53.358154296875
4165632,52.6484375
4169728,52.6484375
4173824,52.6484375
4177920,52.6484375
4182016,52.6484375
4186112,52.6484375
4190208,52.6484375
4194304,52.6484375
4198400,52.6484375
4202496,52.6484375
4206592,52.6484375
4210688,52.6484375
4214784,52.6484375
4218880,52.6484375
4222976,52.6484375
4227072,52.6484375
4231168,52.6484375
4235264,52.6484375
4239360,52.6484375
4243456,52.6484375
4247552,52.6484375
4251648,52.6484375
4255744,52.6484375
4259840,52.6484375
4263936,52.6484375
4268032,52.6484375
4272128,52.6484375
4276224,52.6484375
4280320,52.6484375
4284416,52.6484375
4288512,52.6484375
4292608,52.6484375
4296704,52.6484375
4300800,52.6484375
4304896,52.6484375
4308992,52.6484375
4313088,52.6484375
4317184,52.6484375
4321280,52.6484375
4325376,52.6484375
4329472,52.6484375
4333568,52.6484375
4337664,52.6484375
4341760,52.6484375
4345856,52.6484375
4349952,52.6484375
4354048,52.6484375
4358144,52.6484375
4362240,52.6484375
4366336,52.6484375
4370432,52.6484375
4374528,52.6484375
4378624,52.6484375
4382720,52.6484375
4386816,52.6484375
4390912,52.6484375
4395008,52.6484375
4399104,52.6484375
4403200,52.6484375
4407296,52.6484375
4411392,52.6484375
4415488,52.6484375
4419584,52.6484375
4423680,52.6484375
4427776,52.6484375
4431872,52.6484375
4435968,52.6484375
4440064,52.6484375
4444160,52.6484375
4448256,52.6484375
4452352,52.6484375
4456448,52.6484375
4460544,52.6484375
4464640,52.6484375
4468736,52.6484375
4472832,52.6484375
4476928,52.6484375
4481024,53.404296875
4485120,55.3359375
4489216,55.3359375
4493312,55.3359375
4497408,55.3359375
4501504,55.3359375
4505600,55.3359375
4509696,55.3359375
4513792,55.3359375
4517888,55.3359375
4521984,55.3359375
4526080,55.3359375
4530176,55.3359375
4534272,55.3359375
4538368,55.3359375
4542464,55.3359375
4546560,55.3359375
4550656,55.3359375
4554752,55.3359375
4558848,55.3359375
4562944,55.3359375
4567040,55.3359375
4571136,55.3359375
4575232,55.3359375
4579328,55.3359375
4583424,55.3359375
4587520,55.3359375
4591616,55.3359375
4595712,55.3359375
4599808,55.3359375
4603904,55.3359375
4608000,55.3359375
4612096,55.3359375
4616192,55.3359375
4620288,55.3359375
4624384,55.3359375
4628480,55.3359375
4632576,55.3359375
4636672,55.3359375
4640768,55.3359375
4644864,55.3359375
4648960,55.3359375
4653056,55.3359375
4657152,55.3359375
4661248,55.3359375
4665344,55.3359375
4669440,55.3359375
4673536,55.3359375
4677632,55.3359375
4681728,55.3359375
4685824,55.3359375
4689920,55.3359375
4694016,55.3359375
4698112,55.3359375
4702208,55.3359375
4706304,55.3359375
4710400,55.3359375
4714496,55.3359375
4718592,55.3359375
4722688,55.3359375
4726784,55.3359375
4730880,55.3359375
4734976,55.3359375
4739072,55.3359375
4743168,55.3359375
4747264,55.3359375
4751360,55.3359375
4755456,55.3359375
4759552,55.3359375
4763648,55.3359375
4767744,55.3359375
4771840,55.3359375
4775936,55.3359375
4780032,55.3359375
4784128,55.3359375
4788224,55.3359375
4792320,55.3359375
4796416,55.3359375
4800512,55.302978515625
4804608,55.125
4808704,55.125
4812800,55.125
4816896,55.125
4820992,55.125
4825088,55.125
4829184,55.125
4833280,55.125
4837376,55.125
4841472,55.125
4845568,55.125
4849664,55.125
4853760,55.125
4857856,55.125
4861952,55.125
4866048,55.125
4870144,55.125
4874240,55.125
4878336,55.125
4882432,55.125
4886528,55.125
4890624,55.125
4894720,55.125
4898816,55.125
4902912,55.125
4907008,55.125
4911104,55.125
4915200,55.125
4919296,55.125
4923392,55.125
4927488,55.125
4931584,55.125
4935680,55.125
4939776,55.125
4943872,55.125
4947968,55.125
4952064,55.125
4956160,55.125
4960256,55.125
4964352,55.125
4968448,55.125
4972544,55.125
4976640,55.125
4980736,55.125
4984832,55.125
4988928,55.125
4993024,55.125
4997120,55.125
5001216,55.125
5005312,55.125
5009408,55.125
5013504,55.125
5017600,55.125
5021696,55.125
5025792,55.125
5029888,55.125
5033984,55.125
5038080,55.125
5042176,55.125
5046272,55.125
5050368,55.125
5054464,55.125
5058560,55.125
5062656,55.125
5066752,55.125
5070848,55.125
5074944,55.125
5079040,55.125
5083136,55.125
5087232,55.125
5091328,55.125
5095424,55.125
5099520,55.125
5103616,55.125
5107712,55.125
5111808,55.125
5115904,55.125
5120000,55.143798828125
5124096,55.7265625
5128192,55.7265625
5132288,55.7265625
5136384,55.7265625
5140480,55.7265625
5144576,55.7265625
5148672,55.7265625
5152768,55.7265625
5156864,55.7265625
5160960,55.7265625
5165056,55.7265625
5169152,55.7265625
5173248,55.7265625
5177344,55.7265625
5181440,55.7265625
5185536,55.7265625
5189632,55.7265625
5193728,55.7265625
5197824,55.7265625
5201920,55.7265625
5206016,55.7265625
5210112,55.7265625
5214208,55.7265625
5218304,55.7265625
5222400,55.7265625
5226496,55.7265625
5230592,55.7265625
5234688,55.7265625
5238784,55.7265625
5242880,55.7265625
5246976,55.7265625
5251072,55.7265625
5255168,55.7265625
5259264,55.7265625
5263360,55.7265625
5267456,55.7265625
5271552,55.7265625
5275648,55.7265625
5279744,55.7265625
5283840,55.7265625
5287936,55.7265625
5292032,55.7265625
5296128,55.7265625
5300224,55.7265625
5304320,55.7265625
5308416,55.7265625
5312512,55.7265625
5316608,55.7265625
5320704,55.7265625
5324800,55.7265625
5328896,55.7265625
5332992,55.7265625
5337088,55.7265625
5341184,55.7265625
5345280,55.7265625
5349376,55.7265625
5353472,55.7265625
5357568,55.7265625
5361664,55.7265625
5365760,55.7265625
5369856,55.7265625
5373952,55.7265625
5378048,55.7265625
5382144,55.7265625
5386240,55.7265625
5390336,55.7265625
5394432,55.7265625
5398528,55.7265625
5402624,55.7265625
5406720,55.7265625
5410816,55.7265625
5414912,55.7265625
5419008,55.7265625
5423104,55.7265625
5427200,55.7265625
5431296,55.7265625
5435392,55.7265625
5439488,55.7265625
5443584,56.413330078125
5447680,56.484375
5451776,56.484375
5455872,56.484375
5459968,56.484375
5464064,56.484375
5468160,56.484375
5472256,56.484375
5476352,56.484375
5480448,56.484375
5484544,56.484375
5488640,56.484375
5492736,56.484375
5496832,56.484375
5500928,56.484375
5505024,56.484375
5509120,56.484375
5513216,56.484375
5517312,56.484375
5521408,56.484375
5525504,56.484375
5529600,56.484375
5533696,56.484375
5537792,56.484375
5541888,56.484375
5545984,56.484375
5550080,56.484375
5554176,56.484375
5558272,56.484375
5562368,56.484375
5566464,56.484375
5570560,56.484375
5574656,56.484375
5578752,56.484375
5582848,56.484375
5586944,56.484375
5591040,56.484375
5595136,56.484375
5599232,56.484375
5603328,56.484375
5607424,56.484375
5611520,56.484375
5615616,56.484375
5619712,56.484375
5623808,56.484375
5627904,56.484375
5632000,56.484375
5636096,56.484375
5640192,56.484375
5644288,56.484375
5648384,56.484375
5652480,56.484375
5656576,56.484375
5660672,56.484375
5664768,56.484375
5668864,56.484375
5672960,56.484375
5677056,56.484375
5681152,56.484375
5685248,56.484375
5689344,56.484375
5693440,56.484375
5697536,56.484375
5701632,56.484375
5705728,56.484375
5709824,56.484375
5713920,56.484375
5718016,56.484375
5722112,56.484375
5726208,56.484375
5730304,56.484375
5734400,56.484375
5738496,56.484375
5742592,56.484375
5746688,56.484375
5750784,56.484375
5754880,56.484375
5758976,56.484375
5763072,53.66455078125
5767168,52.875
5771264,52.875
5775360,52.875
5779456,52.875
5783552,52.875
5787648,52.875
5791744,52.875
5795840,52.875
5799936,52.875
5804032,52.875
5808128,52.875
5812224,52.875
5816320,52.875
5820416,52.875
5824512,52.875
5828608,52.875
5832704,52.875
5836800,52.875
5840896,52.875
5844992,52.875
5849088,52.875
5853184,52.875
5857280,52.875
5861376,52.875
5865472,52.875
5869568,52.875
5873664,52.875
5877760,52.875
5881856,52.875
5885952,52.875
5890048,52.875
5894144,52.875
5898240,52.875
5902336,52.875
5906432,52.875
5910528,52.875
5914624,52.875
5918720,52.875
5922816,52.875
5926912,52.875
5931008,52.875
5935104,52.875
5939200,52.875
5943296,52.875
5947392,52.875
5951488,52.875
5955584,52.875
5959680,52.875
5963776,52.875
5967872,52.875
5971968,52.875
5976064,52.875
5980160,52.875
5984256,52.875
5988352,52.875
5992448,52.875
5996544,52.875
6000640,52.875
6004736,52.875
6008832,52.875
6012928,52.875
6017024,52.875
6021120,52.875
6025216,52.875
6029312,52.875
6033408,52.875
6037504,52.875
6041600,52.875
6045696,52.875
6049792,52.875
6053888,52.875
6057984,52.875
6062080,52.875
6066176,52.875
6070272,52.875
6074368,52.875
6078464,52.875
6082560,54.064453125
6086656,54.6875
6090752,54.6875
6094848,54.6875
6098944,54.6875
6103040,54.6875
6107136,54.6875
6111232,54.6875
6115328,54.6875
6119424,54.6875
6123520,54.6875
6127616,54.6875
6131712,54.6875
6135808,54.6875
6139904,54.6875
6144000,54.6875
6148096,54.6875
6152192,54.6875
6156288,54.6875
6160384,54.6875
6164480,54.6875
6168576,54.6875
6172672,54.6875
6176768,54.6875
6180864,54.6875
6184960,54.6875
6189056,54.6875
6193152,54.6875
6197248,54.6875
6201344,54.6875
6205440,54.6875
6209536,54.6875
6213632,54.6875
6217728,54.6875
6221824,54.6875
6225920,54.6875
6230016,54.6875
6234112,54.6875
6238208,54.6875
6242304,54.6875
6246400,54.6875
6250496,54.6875
6254592,54.6875
6258688,54.6875
6262784,54.6875
6266880,54.6875
6270976,54.6875
6275072,54.6875
6279168,54.6875
6283264,54.6875
6287360,54.6875
6291456,54.6875
6295552,54.6875
6299648,54.6875
6303744,54.6875
6307840,54.6875
6311936,54.6875
6316032,54.6875
6320128,54.6875
6324224,54.6875
6328320,54.6875
6332416,54.6875
6336512,54.6875
6340608,54.6875
6344704,54.6875
6348800,54.6875
6352896,54.6875
6356992,54.6875
6361088,54.6875
6365184,54.6875
6369280,54.6875
6373376,54.6875
6377472,54.6875
6381568,54.6875
6385664,54.6875
6389760,54.6875
6393856,54.6875
6397952,54.6875
6402048,54.625244140625
6406144,54.5703125
6410240,54.5703125
6414336,54.5703125
6418432,54.5703125
6422528,54.5703125
6426624,54.5703125
6430720,54.5703125
6434816,54.5703125
6438912,54.5703125
6443008,54.5703125
6447104,54.5703125
6451200,54.5703125
6455296,54.5703125
6459392,54.5703125
6463488,54.5703125
6467584,54.5703125
6471680,54.5703125
6475776,54.5703125
6479872,54.5703125
6483968,54.5703125
6488064,54.5703125
6492160,54.5703125
6496256,54.5703125
6500352,54.5703125
6504448,54.5703125
6508544,54.5703125
6512640,54.5703125
6516736,54.5703125
6520832,54.5703125
6524928,54.5703125
6529024,54.5703125
6533120,54.5703125
6537216,54.5703125
6541312,54.5703125
6545408,54.5703125
6549504,54.5703125
6553600,54.5703125
6557696,54.5703125
6561792,54.5703125
6565888,54.5703125
6569984,54.5703125
6574080,54.5703125
6578176,54.5703125
6582272,54.5703125
6586368,54.5703125
6590464,54.5703125
6594560,54.5703125
6598656,54.5703125
6602752,54.5703125
6606848,54.5703125
6610944,54.5703125
6615040,54.5703125
6619136,54.5703125
6623232,54.5703125
6627328,54.5703125
6631424,54.5703125
6635520,54.5703125
6639616,54.5703125
6643712,54.5703125
6647808,54.5703125
6651904,54.5703125
6656000,54.5703125
6660096,54.5703125
6664192,54.5703125
6668288,54.5703125
6672384,54.5703125
6676480,54.5703125
6680576,54.5703125
6684672,54.5703125
6688768,54.5703125
6692864,54.5703125
6696960,54.5703125
6701056,54.5703125
6705152,54.5703125
6709248,54.5703125
6713344,54.5703125
6717440,54.5703125
6721536,54.82421875
6725632,55.1953125
6729728,55.1953125
6733824,55.1953125
6737920,55.1953125
6742016,55.1953125
6746112,55.1953125
6750208,55.1953125
6754304,55.1953125
6758400,55.1953125
6762496,55.1953125
6766592,55.1953125
6770688,55.1953125
6774784,55.1953125
6778880,55.1953125
6782976,55.1953125
6787072,55.1953125
6791168,55.1953125
6795264,55.1953125
6799360,55.1953125
6803456,55.1953125
6807552,55.1953125
6811648,55.1953125
6815744,55.1953125
6819840,55.1953125
6823936,55.1953125
6828032,55.1953125
6832128,55.1953125
6836224,55.1953125
6840320,55.1953125
6844416,55.1953125
6848512,55.1953125
6852608,55.1953125
6856704,55.1953125
6860800,55.1953125
6864896,55.1953125
6868992,55.1953125
6873088,55.1953125
6877184,55.1953125
6881280,55.1953125
6885376,55.1953125
6889472,55.1953125
6893568,55.1953125
6897664,55.1953125
6901760,55.1953125
6905856,55.1953125
6909952,55.1953125
6914048,55.1953125
6918144,55.1953125
6922240,55.1953125
6926336,55.1953125
6930432,55.1953125
6934528,55.1953125
6938624,55.1953125
6942720,55.1953125
6946816,55.1953125
6950912,55.1953125
6955008,55.1953125
6959104,55.1953125
6963200,55.1953125
6967296,55.1953125
6971392,55.1953125
6975488,55.1953125
6979584,55.1953125
6983680,55.1953125
6987776,55.1953125
6991872,55.1953125
6995968,55.1953125
7000064,55.1953125
7004160,55.1953125
7008256,55.1953125
7012352,55.1953125
7016448,55.1953125
7020544,55.1953125
7024640,55.1953125
7028736,55.1953125
7032832,55.1953125
7036928,55.1953125
7041024,55.905029296875
7045120,57.71875
7049216,57.71875
7053312,57.71875
7057408,57.71875
7061504,57.71875
7065600,57.71875
7069696,57.71875
7073792,57.71875
7077888,57.71875
7081984,57.71875
7086080,57.71875
7090176,57.71875
7094272,57.71875
7098368,57.71875
7102464,57.71875
7106560,57.71875
7110656,57.71875
7114752,57.71875
7118848,57.71875
7122944,57.71875
7127040,57.71875
7131136,57.71875
7135232,57.71875
7139328,57.71875
7143424,57.71875
7147520,57.71875
7151616,57.71875
7155712,57.71875
7159808,57.71875
7163904,57.71875
7168000,57.71875
7172096,57.71875
7176192,57.71875
7180288,57.71875
7184384,57.71875
7188480,57.71875
7192576,57.71875
7196672,57.71875
7200768,57.71875
7204864,57.71875
7208960,57.71875
7213056,57.71875
7217152,57.71875
7221248,57.71875
7225344,57.71875
7229440,57.71875
7233536,57.71875
7237632,57.71875
7241728,57.71875
7245824,57.71875
7249920,57.71875
7254016,57.71875
7258112,57.71875
7262208,57.71875
7266304,57.71875
7270400,57.71875
7274496,57.71875
7278592,57.71875
7282688,57.71875
7286784,57.71875
7290880,57.71875
7294976,57.71875
7299072,57.71875
7303168,57.71875
7307264,57.71875
7311360,57.71875
7315456,57.71875
7319552,57.71875
7323648,57.71875
7327744,57.71875
7331840,57.71875
7335936,57.71875
7340032,57.71875
7344128,57.71875
7348224,57.71875
7352320,57.71875
7356416,57.71875
7360512,57.705322265625
7364608,57.6328125
7368704,57.6328125
7372800,57.6328125
7376896,57.6328125
7380992,57.6328125
7385088,57.6328125
7389184,57.6328125
7393280,57.6328125
7397376,57.6328125
7401472,57.6328125
7405568,57.6328125
7409664,57.6328125
7413760,57.6328125
7417856,57.6328125
7421952,57.6328125
7426048,57.6328125
7430144,57.6328125
7434240,57.6328125
7438336,57.6328125
7442432,57.6328125
7446528,57.6328125
7450624,57.6328125
7454720,57.6328125
7458816,57.6328125
7462912,57.6328125
7467008,57.6328125
7471104,57.6328125
7475200,57.6328125
7479296,57.6328125
7483392,57.6328125
7487488,57.6328125
7491584,57.6328125
7495680,57.6328125
7499776,57.6328125
7503872,57.6328125
7507968,57.6328125
7512064,57.6328125
7516160,57.6328125
7520256,57.6328125
7524352,57.6328125
7528448,57.6328125
7532544,57.6328125
7536640,57.6328125
7540736,57.6328125
7544832,57.6328125
7548928,57.6328125
7553024,57.6328125
7557120,57.6328125
7561216,57.6328125
7565312,57.6328125
7569408,57.6328125
7573504,57.6328125
7577600,57.6328125
7581696,57.6328125
7585792,57.6328125
7589888,57.6328125
7593984,57.6328125
7598080,57.6328125
7602176,57.6328125
7606272,57.6328125
7610368,57.6328125
7614464,57.6328125
7618560,57.6328125
7622656,57.6328125
7626752,57.6328125
7630848,57.6328125
7634944,57.6328125
7639040,57.6328125
7643136,57.6328125
7647232,57.6328125
7651328,57.6328125
7655424,57.6328125
7659520,57.6328125
7663616,57.6328125
7667712,57.6328125
7671808,57.6328125
7675904,57.6328125
7680000,57.6025390625
7684096,56.6640625
7688192,56.6640625
7692288,56.6640625
7696384,56.6640625
7700480,56.6640625
7704576,56.6640625
7708672,56.6640625
7712768,56.6640625
7716864,56.6640625
7720960,56.6640625
7725056,56.6640625
7729152,56.6640625
7733248,56.6640625
7737344,56.6640625
7741440,56.6640625
7745536,56.6640625
7749632,56.6640625
7753728,56.6640625
7757824,56.6640625
7761920,56.6640625
7766016,56.6640625
7770112,56.6640625
7774208,56.6640625
7778304,56.6640625
7782400,56.6640625
7786496,56.6640625
7790592,56.6640625
7794688,56.6640625
7798784,56.6640625
7802880,56.6640625
7806976,56.6640625
7811072,56.6640625
7815168,56.6640625
7819264,56.6640625
7823360,56.6640625
7827456,56.6640625
7831552,56.6640625
7835648,56.6640625
7839744,56.6640625
7843840,56.6640625
7847936,56.6640625
7852032,56.6640625
7856128,56.6640625
7860224,56.6640625
7864320,56.6640625
7868416,56.6640625
7872512,56.6640625
7876608,56.6640625
7880704,56.6640625
7884800,56.6640625
7888896,56.6640625
7892992,56.6640625
7897088,56.6640625
7901184,56.6640625
7905280,56.6640625
7909376,56.6640625
7913472,56.6640625
7917568,56.6640625
7921664,56.6640625
7925760,56.6640625
7929856,56.6640625
7933952,56.6640625
7938048,56.6640625
7942144,56.6640625
7946240,56.6640625
7950336,56.6640625
7954432,56.6640625
7958528,56.6640625
7962624,56.6640625
7966720,56.6640625
7970816,56.6640625
7974912,56.6640625
7979008,56.6640625
7983104,56.6640625
7987200,56.6640625
7991296,56.6640625
7995392,56.6640625
7999488,56.6640625
8003584,57.010986328125
8007680,57.046875
8011776,57.046875
8015872,57.046875
8019968,57.046875
8024064,57.046875
8028160,57.046875
8032256,57.046875
8036352,57.046875
8040448,57.046875
8044544,57.046875
8048640,57.046875
8052736,57.046875
8056832,57.046875
8060928,57.046875
8065024,57.046875
8069120,57.046875
8073216,57.046875
8077312,57.046875
8081408,57.046875
8085504,57.046875
8089600,57.046875
8093696,57.046875
8097792,57.046875
8101888,57.046875
8105984,57.046875
8110080,57.046875
8114176,57.046875
8118272,57.046875
8122368,57.046875
8126464,57.046875
8130560,57.046875
8134656,57.046875
8138752,57.046875
8142848,57.046875
8146944,57.046875
8151040,57.046875
8155136,57.046875
8159232,57.046875
8163328,57.046875
8167424,57.046875
8171520,57.046875
8175616,57.046875
8179712,57.046875
8183808,57.046875
8187904,57.046875
8192000,57.046875
8196096,57.046875
8200192,57.046875
8204288,57.046875
8208384,57.046875
8212480,57.046875
8216576,57.046875
8220672,57.046875
8224768,57.046875
8228864,57.046875
8232960,57.046875
8237056,57.046875
8241152,57.046875
8245248,57.046875
8249344,57.046875
8253440,57.046875
8257536,57.046875
8261632,57.046875
8265728,57.046875
8269824,57.046875
8273920,57.046875
8278016,57.046875
8282112,57.046875
8286208,57.046875
8290304,57.046875
8294400,57.046875
8298496,57.046875
8302592,57.046875
8306688,57.046875
8310784,57.046875
8314880,57.046875
8318976,57.046875
8323072,57.724365234375
8327168,57.9140625
8331264,57.9140625
8335360,57.9140625
8339456,57.9140625
8343552,57.9140625
8347648,57.9140625
8351744,57.9140625
8355840,57.9140625
8359936,57.9140625
8364032,57.9140625
8368128,57.9140625
8372224,57.9140625
8376320,57.9140625
8380416,57.9140625
8384512,57.9140625
8388608,57.9140625
8392704,57.9140625
8396800,57.9140625
8400896,57.9140625
8404992,57.9140625
8409088,57.9140625
8413184,57.9140625
8417280,57.9140625
8421376,57.9140625
8425472,57.9140625
8429568,57.9140625
8433664,57.9140625
8437760,57.9140625
8441856,57.9140625
8445952,57.9140625
8450048,57.9140625
8454144,57.9140625
8458240,57.9140625
8462336,57.9140625
8466432,57.9140625
8470528,57.9140625
8474624,57.9140625
8478720,57.9140625
8482816,57.9140625
8486912,57.9140625
8491008,57.9140625
8495104,57.9140625
8499200,57.9140625
8503296,57.9140625
8507392,57.9140625
8511488,57.9140625
8515584,57.9140625
8519680,57.9140625
8523776,57.9140625
8527872,57.9140625
8531968,57.9140625
8536064,57.9140625
8540160,57.9140625
8544256,57.9140625
8548352,57.9140625
8552448,57.9140625
8556544,57.9140625
8560640,57.9140625
8564736,57.9140625
8568832,57.9140625
8572928,57.9140625
8577024,57.9140625
8581120,57.9140625
8585216,57.9140625
8589312,57.9140625
8593408,57.9140625
8597504,57.9140625
8601600,57.9140625
8605696,57.9140625
8609792,57.9140625
8613888,57.9140625
8617984,57.9140625
8622080,57.9140625
8626176,57.9140625
8630272,57.9140625
8634368,57.9140625
8638464,57.9140625
8642560,56.4169921875
8646656,55.6328125
8650752,55.6328125
8654848,55.6328125
8658944,55.6328125
8663040,55.6328125
8667136,55.6328125
8671232,55.6328125
8675328,55.6328125
8679424,55.6328125
8683520,55.6328125
8687616,55.6328125
8691712,55.6328125
8695808,55.6328125
8699904,55.6328125
8704000,55.6328125
8708096,55.6328125
8712192,55.6328125
8716288,55.6328125
8720384,55.6328125
8724480,55.6328125
8728576,55.6328125
8732672,55.6328125
8736768,55.6328125
8740864,55.6328125
8744960,55.6328125
8749056,55.6328125
8753152,55.6328125
8757248,55.6328125
8761344,55.6328125
8765440,55.6328125
8769536,55.6328125
8773632,55.6328125
8777728,55.6328125
8781824,55.6328125
8785920,55.6328125
8790016,55.6328125
8794112,55.6328125
8798208,55.6328125
8802304,55.6328125
8806400,55.6328125
8810496,55.6328125
8814592,55.6328125
8818688,55.6328125
8822784,55.6328125
8826880,55.6328125
8830976,55.6328125
8835072,55.6328125
8839168,55.6328125
8843264,55.6328125
8847360,55.6328125
8851456,55.6328125
8855552,55.6328125
8859648,55.6328125
8863744,55.6328125
8867840,55.6328125
8871936,55.6328125
8876032,55.6328125
8880128,55.6328125
8884224,55.6328125
8888320,55.6328125
8892416,55.6328125
8896512,55.6328125
8900608,55.6328125
8904704,55.6328125
8908800,55.6328125
8912896,55.6328125
8916992,55.6328125
8921088,55.6328125
8925184,55.6328125
8929280,55.6328125
8933376,55.6328125
8937472,55.6328125
8941568,55.6328125
8945664,55.6328125
8949760,55.6328125
8953856,55.6328125
8957952,55.6328125
8962048,56.433837890625
8966144,57.140625
8970240,57.140625
8974336,57.140625
8978432,57.140625
8982528,57.140625
8986624,57.140625
8990720,57.140625
8994816,57.140625
8998912,57.140625
9003008,57.140625
9007104,57.140625
9011200,57.140625
9015296,57.140625
9019392,57.140625
9023488,57.140625
9027584,57.140625
9031680,57.140625
9035776,57.140625
9039872,57.140625
9043968,57.140625
9048064,57.140625
9052160,57.140625
9056256,57.140625
9060352,57.140625
9064448,57.140625
9068544,57.140625
9072640,57.140625
9076736,57.140625
9080832,57.140625
9084928,57.140625
9089024,57.140625
9093120,57.140625
9097216,57.140625
9101312,57.140625
9105408,57.140625
9109504,57.140625
9113600,57.140625
9117696,57.140625
9121792,57.140625
9125888,57.140625
9129984,57.140625
9134080,57.140625
9138176,57.140625
9142272,57.140625
9146368,57.140625
9150464,57.140625
9154560,57.140625
9158656,57.140625
9162752,57.140625
9166848,57.140625
9170944,57.140625
9175040,57.140625
9179136,57.140625
9183232,57.140625
9187328,57.140625
9191424,57.140625
9195520,57.140625
9199616,57.140625
9203712,57.140625
9207808,57.140625
9211904,57.140625
9216000,57.140625
9220096,57.140625
9224192,57.140625
9228288,57.140625
9232384,57.140625
9236480,57.140625
9240576,57.140625
9244672,57.140625
9248768,57.140625
9252864,57.140625
9256960,57.140625
9261056,57.140625
9265152,57.140625
9269248,57.140625
9273344,57.140625
9277440,57.140625
9281536,56.962890625
9285632,56.703125
9289728,56.703125
9293824,56.703125
9297920,56.703125
9302016,56.703125
9306112,56.703125
9310208,56.703125
9314304,56.703125
9318400,56.703125
9322496,56.703125
9326592,56.703125
9330688,56.703125
9334784,56.703125
9338880,56.703125
9342976,56.703125
9347072,56.703125
9351168,56.703125
9355264,56.703125
9359360,56.703125
9363456,56.703125
9367552,56.703125
9371648,56.703125
9375744,56.703125
9379840,56.703125
9383936,56.703125
9388032,56.703125
9392128,56.703125
9396224,56.703125
9400320,56.703125
9404416,56.703125
9408512,56.703125
9412608,56.703125
9416704,56.703125
9420800,56.703125
9424896,56.703125
9428992,56.703125
9433088,56.703125
9437184,56.703125
9441280,56.703125
9445376,56.703125
9449472,56.703125
9453568,56.703125
9457664,56.703125
9461760,56.703125
9465856,56.703125
9469952,56.703125
9474048,56.703125
9478144,56.703125
9482240,56.703125
9486336,56.703125
9490432,56.703125
9494528,56.703125
9498624,56.703125
9502720,56.703125
9506816,56.703125
9510912,56.703125
9515008,56.703125
9519104,56.703125
9523200,56.703125
9527296,56.703125
9531392,56.703125
9535488,56.703125
9539584,56.703125
9543680,56.703125
9547776,56.703125
9551872,56.703125
9555968,56.703125
9560064,56.703125
9564160,56.703125
9568256,56.703125
9572352,56.703125
9576448,56.703125
9580544,56.703125
9584640,56.703125
9588736,56.703125
9592832,56.703125
9596928,56.703125
9601024,56.766845703125
9605120,56.9296875
9609216,56.9296875
9613312,56.9296875
9617408,56.9296875
9621504,56.9296875
9625600,56.9296875
9629696,56.9296875
9633792,56.9296875
9637888,56.9296875
9641984,56.9296875
9646080,56.9296875
9650176,56.9296875
9654272,56.9296875
9658368,56.9296875
9662464,56.9296875
9666560,56.9296875
9670656,56.9296875
9674752,56.9296875
9678848,56.9296875
9682944,56.9296875
9687040,56.9296875
9691136,56.9296875
9695232,56.9296875
9699328,56.9296875
9703424,56.9296875
9707520,56.9296875
9711616,56.9296875
9715712,56.9296875
9719808,56.9296875
9723904,56.9296875
9728000,56.9296875
9732096,56.9296875
9736192,56.9296875
9740288,56.9296875
9744384,56.9296875
9748480,56.9296875
9752576,56.9296875
9756672,56.9296875
9760768,56.9296875
9764864,56.9296875
9768960,56.9296875
9773056,56.9296875
9777152,56.9296875
9781248,56.9296875
9785344,56.9296875
9789440,56.9296875
9793536,56.9296875
9797632,56.9296875
9801728,56.9296875
9805824,56.9296875
9809920,56.9296875
9814016,56.9296875
9818112,56.9296875
9822208,56.9296875
9826304,56.9296875
9830400,56.9296875
9834496,56.9296875
9838592,56.9296875
9842688,56.9296875
9846784,56.9296875
9850880,56.9296875
9854976,56.9296875
9859072,56.9296875
9863168,56.9296875
9867264,56.9296875
9871360,56.9296875
9875456,56.9296875
9879552,56.9296875
9883648,56.9296875
9887744,56.9296875
9891840,56.9296875
9895936,56.9296875
9900032,56.9296875
9904128,56.9296875
9908224,56.9296875
9912320,56.9296875
9916416,56.9296875
9920512,56.926025390625
9924608,56.90625
9928704,56.90625
9932800,56.90625
9936896,56.90625
9940992,56.90625
9945088,56.90625
9949184,56.90625
9953280,56.90625
9957376,56.90625
9961472,56.90625
9965568,56.90625
9969664,56.90625
9973760,56.90625
9977856,56.90625
9981952,56.90625
9986048,56.90625
9990144,56.90625
9994240,56.90625
9998336,56.90625
10002432,56.90625
10006528,56.90625
10010624,56.90625
10014720,56.90625
10018816,56.90625
10022912,56.90625
10027008,56.90625
10031104,56.90625
10035200,56.90625
10039296,56.90625
10043392,56.90625
10047488,56.90625
10051584,56.90625
10055680,56.90625
10059776,56.90625
10063872,56.90625
10067968,56.90625
10072064,56.90625
10076160,56.90625
10080256,56.90625
10084352,56.90625
10088448,56.90625
10092544,56.90625
10096640,56.90625
10100736,56.90625
10104832,56.90625
10108928,56.90625
10113024,56.90625
10117120,56.90625
10121216,56.90625
10125312,56.90625
10129408,56.90625
10133504,56.90625
10137600,56.90625
10141696,56.90625
10145792,56.90625
10149888,56.90625
10153984,56.90625
10158080,56.90625
10162176,56.90625
10166272,56.90625
10170368,56.90625
10174464,56.90625
10178560,56.90625
10182656,56.90625
10186752,56.90625
10190848,56.90625
10194944,56.90625
10199040,56.90625
10203136,56.90625
10207232,56.90625
10211328,56.90625
10215424,56.90625
10219520,56.90625
10223616,56.90625
10227712,56.90625
10231808,56.90625
10235904,56.90625
10240000,56.90380859375
10244096,56.828125
10248192,56.828125
10252288,56.828125
10256384,56.828125
10260480,56.828125
10264576,56.828125
10268672,56.828125
10272768,56.828125
10276864,56.828125
10280960,56.828125
10285056,56.828125
10289152,56.828125
10293248,56.828125
10297344,56.828125
10301440,56.828125
10305536,56.828125
10309632,56.828125
10313728,56.828125
10317824,56.828125
10321920,56.828125
10326016,56.828125
10330112,56.828125
10334208,56.828125
10338304,56.828125
10342400,56.828125
10346496,56.828125
10350592,56.828125
10354688,56.828125
10358784,56.828125
10362880,56.828125
10366976,56.828125
10371072,56.828125
10375168,56.828125
10379264,56.828125
10383360,56.828125
10387456,56.828125
10391552,56.828125
10395648,56.828125
10399744,56.828125
10403840,56.828125
10407936,56.828125
10412032,56.828125
10416128,56.828125
10420224,56.828125
10424320,56.828125
10428416,56.828125
10432512,56.828125
10436608,56.828125
10440704,56.828125
10444800,56.828125
10448896,56.828125
10452992,56.828125
10457088,56.828125
10461184,56.828125
10465280,56.828125
10469376,56.828125
10473472,56.828125
10477568,56.828125
10481664,56.828125
10485760,56.828125
10489856,56.828125
10493952,56.828125
10498048,56.828125
10502144,56.828125
10506240,56.828125
10510336,56.828125
10514432,56.828125
10518528,56.828125
10522624,56.828125
10526720,56.828125
10530816,56.828125
10534912,56.828125
10539008,56.828125
10543104,56.828125
10547200,56.828125
10551296,56.828125
10555392,56.828125
10559488,56.828125
10563584,58.244140625
10567680,58.390625
10571776,58.390625
10575872,58.390625
10579968,58.390625
10584064,58.390625
10588160,58.390625
10592256,58.390625
10596352,58.390625
10600448,58.390625
10604544,58.390625
10608640,58.390625
10612736,58.390625
10616832,58.390625
10620928,58.390625
10625024,58.390625
10629120,58.390625
10633216,58.390625
10637312,58.390625
10641408,58.390625
10645504,58.390625
10649600,58.390625
10653696,58.390625
10657792,58.390625
10661888,58.390625
10665984,58.390625
10670080,58.390625
10674176,58.390625
10678272,58.390625
10682368,58.390625
10686464,58.390625
10690560,58.390625
10694656,58.390625
10698752,58.390625
10702848,58.390625
10706944,58.390625
10711040,58.390625
10715136,58.390625
10719232,58.390625
10723328,58.390625
10727424,58.390625
10731520,58.390625
10735616,58.390625
10739712,58.390625
10743808,58.390625
10747904,58.390625
10752000,58.390625
10756096,58.390625
10760192,58.390625
10764288,58.390625
10768384,58.390625
10772480,58.390625
10776576,58.390625
10780672,58.390625
10784768,58.390625
10788864,58.390625
10792960,58.390625
10797056,58.390625
10801152,58.390625
10805248,58.390625
10809344,58.390625
10813440,58.390625
10817536,58.390625
10821632,58.390625
10825728,58.390625
10829824,58.390625
10833920,58.390625
10838016,58.390625
10842112,58.390625
10846208,58.390625
10850304,58.390625
10854400,58.390625
10858496,58.390625
10862592,58.390625
10866688,58.390625
10870784,58.390625
10874880,58.390625
10878976,58.390625
10883072,57.481201171875
10887168,57.2265625
10891264,57.2265625
10895360,57.2265625
10899456,57.2265625
10903552,57.2265625
10907648,57.2265625
10911744,57.2265625
10915840,57.2265625
10919936,57.2265625
10924032,57.2265625
10928128,57.2265625
10932224,57.2265625
10936320,57.2265625
10940416,57.2265625
10944512,57.2265625
10948608,57.2265625
10952704,57.2265625
10956800,57.2265625
10960896,57.2265625
10964992,57.2265625
10969088,57.2265625
10973184,57.2265625
10977280,57.2265625
10981376,57.2265625
10985472,57.2265625
10989568,57.2265625
10993664,57.2265625
10997760,57.2265625
11001856,57.2265625
11005952,57.2265625
11010048,57.2265625
11014144,57.2265625
11018240,57.2265625
11022336,57.2265625
11026432,57.2265625
11030528,57.2265625
11034624,57.2265625
11038720,57.2265625
11042816,57.2265625
11046912,57.2265625
11051008,57.2265625
11055104,57.2265625
11059200,57.2265625
11063296,57.2265625
11067392,57.2265625
11071488,57.2265625
11075584,57.2265625
11079680,57.2265625
11083776,57.2265625
11087872,57.2265625
11091968,57.2265625
11096064,57.2265625
11100160,57.2265625
11104256,57.2265625
11108352,57.2265625
11112448,57.2265625
11116544,57.2265625
11120640,57.2265625
11124736,57.2265625
11128832,57.2265625
11132928,57.2265625
11137024,57.2265625
11141120,57.2265625
11145216,57.2265625
11149312,57.2265625
11153408,57.2265625
11157504,57.2265625
11161600,57.2265625
11165696,57.2265625
11169792,57.2265625
11173888,57.2265625
11177984,57.2265625
11182080,57.2265625
11186176,57.2265625
11190272,57.2265625
11194368,57.2265625
11198464,57.2265625
11202560,57.282958984375
11206656,57.3125
11210752,57.3125
11214848,57.3125
11218944,57.3125
11223040,57.3125
11227136,57.3125
11231232,57.3125
11235328,57.3125
11239424,57.3125
11243520,57.3125
11247616,57.3125
11251712,57.3125
11255808,57.3125
11259904,57.3125
11264000,57.3125
11268096,57.3125
11272192,57.3125
11276288,57.3125
11280384,57.3125
11284480,57.3125
11288576,57.3125
11292672,57.3125
11296768,57.3125
11300864,57.3125
11304960,57.3125
11309056,57.3125
11313152,57.3125
11317248,57.3125
11321344,57.3125
11325440,57.3125
11329536,57.3125
11333632,57.3125
11337728,57.3125
11341824,57.3125
11345920,57.3125
11350016,57.3125
11354112,57.3125
11358208,57.3125
11362304,57.3125
11366400,57.3125
11370496,57.3125
11374592,57.3125
11378688,57.3125
11382784,57.3125
11386880,57.3125
11390976,57.3125
11395072,57.3125
11399168,57.3125
11403264,57.3125
11407360,57.3125
11411456,57.3125
11415552,57.3125
11419648,57.3125
11423744,57.3125
11427840,57.3125
11431936,57.3125
11436032,57.3125
11440128,57.3125
11444224,57.3125
11448320,57.3125
11452416,57.3125
11456512,57.3125
11460608,57.3125
11464704,57.3125
11468800,57.3125
11472896,57.3125
11476992,57.3125
11481088,57.3125
11485184,57.3125
11489280,57.3125
11493376,57.3125
11497472,57.3125
11501568,57.3125
11505664,57.3125
11509760,57.3125
11513856,57.3125
11517952,57.3125
11522048,56.146240234375
11526144,55.1171875
11530240,55.1171875
11534336,55.1171875
11538432,55.1171875
11542528,55.1171875
11546624,55.1171875
11550720,55.1171875
11554816,55.1171875
11558912,55.1171875
11563008,55.1171875
11567104,55.1171875
11571200,55.1171875
11575296,55.1171875
11579392,55.1171875
11583488,55.1171875
11587584,55.1171875
11591680,55.1171875
11595776,55.1171875
11599872,55.1171875
11603968,55.1171875
11608064,55.1171875
11612160,55.1171875
11616256,55.1171875
11620352,55.1171875
11624448,55.1171875
11628544,55.1171875
11632640,55.1171875
11636736,55.1171875
11640832,55.1171875
11644928,55.1171875
11649024,55.1171875
11653120,55.1171875
11657216,55.1171875
11661312,55.1171875
11665408,55.1171875
11669504,55.1171875
11673600,55.1171875
11677696,55.1171875
11681792,55.1171875
11685888,55.1171875
11689984,55.1171875
11694080,55.1171875
11698176,55.1171875
11702272,55.1171875
11706368,55.1171875
11710464,55.1171875
11714560,55.1171875
11718656,55.1171875
11722752,55.1171875
11726848,55.1171875
11730944,55.1171875
13631488,53.5234375
13635584,53.5234375
13639680,53.5234375
13643776,53.5234375
13647872,53.5234375
13651968,53.5234375
13656064,53.5234375
13660160,53.5234375
13664256,53.5234375
13668352,53.5234375
13672448,53.5234375
13676544,53.5234375
13680640,53.5234375
13684736,53.5234375
13688832,53.5234375
13692928,53.5234375
13697024,53.5234375
13701120,53.5234375
13705216,53.5234375
13709312,53.5234375
13713408,53.5234375
13717504,53.5234375
13721600,53.5234375
13725696,53.5234375
13729792,53.5234375
13733888,53.5234375
13737984,53.5234375
13742080,53.5234375
13746176,53.5234375
13750272,53.5234375
13754368,53.5234375
13758464,53.5234375
13762560,56.122802734375
13766656,57.484375
13770752,57.484375
13774848,57.484375
13778944,57.484375
13783040,57.484375
13787136,57.484375
13791232,57.484375
13795328,57.484375
13799424,57.484375
13803520,57.484375
13807616,57.484375
13811712,57.484375
13815808,57.484375
13819904,57.484375
13824000,57.484375
13828096,57.484375
13832192,57.484375
13836288,57.484375
13840384,57.484375
13844480,57.484375
13848576,57.484375
13852672,57.484375
13856768,57.484375
13860864,57.484375
13864960,57.484375
13869056,57.484375
13873152,57.484375
13877248,57.484375
13881344,57.484375
13885440,57.484375
13889536,57.484375
13893632,57.484375
13897728,57.484375
13901824,57.484375
13905920,57.484375
13910016,57.484375
13914112,57.484375
13918208,57.484375
13922304,57.484375
13926400,57.484375
13930496,57.484375
13934592,57.484375
13938688,57.484375
13942784,57.484375
13946880,57.484375
13950976,57.484375
13955072,57.484375
13959168,57.484375
13963264,57.484375
13967360,57.484375
13971456,57.484375
13975552,57.484375
13979648,57.484375
13983744,57.484375
13987840,57.484375
13991936,57.484375
13996032,57.484375
14000128,57.484375
14004224,57.484375
14008320,57.484375
14012416,57.484375
14016512,57.484375
14020608,57.484375
14024704,57.484375
14028800,57.484375
14032896,57.484375
14036992,57.484375
14041088,57.484375
14045184,57.484375
14049280,57.484375
14053376,57.484375
14057472,57.484375
14061568,57.484375
14065664,57.484375
14069760,57.484375
14073856,57.484375
14077952,57.484375
14082048,57.637939453125
14086144,57.7734375
14090240,57.7734375
14094336,57.7734375
14098432,57.7734375
14102528,57.7734375
14106624,57.7734375
14110720,57.7734375
14114816,57.7734375
14118912,57.7734375
14123008,57.7734375
14127104,57.7734375
14131200,57.7734375
14135296,57.7734375
14139392,57.7734375
14143488,57.7734375
14147584,57.7734375
14151680,57.7734375
14155776,57.7734375
14159872,57.7734375
14163968,57.7734375
14168064,57.7734375
14172160,57.7734375
14176256,57.7734375
14180352,57.7734375
14184448,57.7734375
14188544,57.7734375
14192640,57.7734375
14196736,57.7734375
14200832,57.7734375
14204928,57.7734375
14209024,57.7734375
14213120,57.7734375
14217216,57.7734375
14221312,57.7734375
14225408,57.7734375
14229504,57.7734375
14233600,57.7734375
14237696,57.7734375
14241792,57.7734375
14245888,57.7734375
14249984,57.7734375
14254080,57.7734375
14258176,57.7734375
14262272,57.7734375
14266368,57.7734375
14270464,57.7734375
14274560,57.7734375
14278656,57.7734375
14282752,57.7734375
14286848,57.7734375
14290944,57.7734375
14295040,57.7734375
14299136,57.7734375
14303232,57.7734375
14307328,57.7734375
14311424,57.7734375
14315520,57.7734375
14319616,57.7734375
14323712,57.7734375
14327808,57.7734375
14331904,57.7734375
14336000,57.7734375
14340096,57.7734375
14344192,57.7734375
14348288,57.7734375
14352384,57.7734375
14356480,57.7734375
14360576,57.7734375
14364672,57.7734375
14368768,57.7734375
14372864,57.7734375
14376960,57.7734375
14381056,57.7734375
14385152,57.7734375
14389248,57.7734375
14393344,57.7734375
14397440,57.7734375
14401536,57.770263671875
14405632,57.765625
14409728,57.765625
14413824,57.765625
14417920,57.765625
14422016,57.765625
14426112,57.765625
14430208,57.765625
14434304,57.765625
14438400,57.765625
14442496,57.765625
14446592,57.765625
14450688,57.765625
14454784,57.765625
14458880,57.765625
14462976,57.765625
14467072,57.765625
14471168,57.765625
14475264,57.765625
14479360,57.765625
14483456,57.765625
14487552,57.765625
14491648,57.765625
14495744,57.765625
14499840,57.765625
14503936,57.765625
14508032,57.765625
14512128,57.765625
14516224,57.765625
14520320,57.765625
14524416,57.765625
14528512,57.765625
14532608,57.765625
14536704,57.765625
14540800,57.765625
14544896,57.765625
14548992,57.765625
14553088,57.765625
14557184,57.765625
14561280,57.765625
14565376,57.765625
14569472,57.765625
14573568,57.765625
14577664,57.765625
14581760,57.765625
14585856,57.765625
14589952,57.765625
14594048,57.765625
14598144,57.765625
14602240,57.765625
14606336,57.765625
14610432,57.765625
14614528,57.765625
14618624,57.765625
14622720,57.765625
14626816,57.765625
14630912,57.765625
14635008,57.765625
14639104,57.765625
14643200,57.765625
14647296,57.765625
14651392,57.765625
14655488,57.765625
14659584,57.765625
14663680,57.765625
14667776,57.765625
14671872,57.765625
14675968,57.765625
14680064,57.765625
14684160,57.765625
14688256,57.765625
14692352,57.765625
14696448,57.765625
14700544,57.765625
14704640,57.765625
14708736,57.765625
14712832,57.765625
14716928,57.765625
14721024,57.91064453125
14725120,58.28125
14729216,58.28125
14733312,58.28125
14737408,58.28125
14741504,58.28125
14745600,58.28125
14749696,58.28125
14753792,58.28125
14757888,58.28125
14761984,58.28125
14766080,58.28125
14770176,58.28125
14774272,58.28125
14778368,58.28125
14782464,58.28125
14786560,58.28125
14790656,58.28125
14794752,58.28125
14798848,58.28125
14802944,58.28125
14807040,58.28125
14811136,58.28125
14815232,58.28125
14819328,58.28125
14823424,58.28125
14827520,58.28125
14831616,58.28125
14835712,58.28125
14839808,58.28125
14843904,58.28125
14848000,58.28125
14852096,58.28125
14856192,58.28125
14860288,58.28125
14864384,58.28125
14868480,58.28125
14872576,58.28125
14876672,58.28125
14880768,58.28125
14884864,58.28125
14888960,58.28125
14893056,58.28125
14897152,58.28125
14901248,58.28125
14905344,58.28125
14909440,58.28125
14913536,58.28125
14917632,58.28125
14921728,58.28125
14925824,58.28125
14929920,58.28125
14934016,58.28125
14938112,58.28125
14942208,58.28125
14946304,58.28125
14950400,58.28125
14954496,58.28125
14958592,58.28125
14962688,58.28125
14966784,58.28125
14970880,58.28125
14974976,58.28125
14979072,58.28125
14983168,58.28125
14987264,58.28125
14991360,58.28125
14995456,58.28125
14999552,58.28125
15003648,58.28125
15007744,58.28125
15011840,58.28125
15015936,58.28125
15020032,58.28125
15024128,58.28125
15028224,58.28125
15032320,58.28125
15036416,58.28125
15040512,58.43505859375
15044608,59.265625
15048704,59.265625
15052800,59.265625
15056896,59.265625
15060992,59.265625
15065088,59.265625
15069184,59.265625
15073280,59.265625
15077376,59.265625
15081472,59.265625
15085568,59.265625
15089664,59.265625
15093760,59.265625
15097856,59.265625
15101952,59.265625
15106048,59.265625
15110144,59.265625
15114240,59.265625
15118336,59.265625
15122432,59.265625
15126528,59.265625
15130624,59.265625
15134720,59.265625
15138816,59.265625
15142912,59.265625
15147008,59.265625
15151104,59.265625
15155200,59.265625
15159296,59.265625
15163392,59.265625
15167488,59.265625
15171584,59.265625
15175680,59.265625
15179776,59.265625
15183872,59.265625
15187968,59.265625
15192064,59.265625
15196160,59.265625
15200256,59.265625
15204352,59.265625
15208448,59.265625
15212544,59.265625
15216640,59.265625
15220736,59.265625
15224832,59.265625
15228928,59.265625
15233024,59.265625
15237120,59.265625
15241216,59.265625
15245312,59.265625
15249408,59.265625
15253504,59.265625
15257600,59.265625
15261696,59.265625
15265792,59.265625
15269888,59.265625
15273984,59.265625
15278080,59.265625
15282176,59.265625
15286272,59.265625
15290368,59.265625
15294464,59.265625
15298560,59.265625
15302656,59.265625
15306752,59.265625
15310848,59.265625
15314944,59.265625
15319040,59.265625
15323136,59.265625
15327232,59.265625
15331328,59.265625
15335424,59.265625
15339520,59.265625
15343616,59.265625
15347712,59.265625
15351808,59.265625
15355904,59.265625
15360000,59.260498046875
15364096,59.1015625
15368192,59.1015625
15372288,59.1015625
15376384,59.1015625
15380480,59.1015625
15384576,59.1015625
15388672,59.1015625
15392768,59.1015625
15396864,59.1015625
15400960,59.1015625
15405056,59.1015625
15409152,59.1015625
15413248,59.1015625
15417344,59.1015625
15421440,59.1015625
15425536,59.1015625
15429632,59.1015625
15433728,59.1015625
15437824,59.1015625
15441920,59.1015625
15446016,59.1015625
15450112,59.1015625
15454208,59.1015625
15458304,59.1015625
15462400,59.1015625
15466496,59.1015625
15470592,59.1015625
15474688,59.1015625
15478784,59.1015625
15482880,59.1015625
15486976,59.1015625
15491072,59.1015625
15495168,59.1015625
15499264,59.1015625
15503360,59.1015625
15507456,59.1015625
15511552,59.1015625
15515648,59.1015625
15519744,59.1015625
15523840,59.1015625
15527936,59.1015625
15532032,59.1015625
15536128,59.1015625
15540224,59.1015625
15544320,59.1015625
15548416,59.1015625
15552512,59.1015625
15556608,59.1015625
15560704,59.1015625
15564800,59.1015625
15568896,59.1015625
15572992,59.1015625
15577088,59.1015625
15581184,59.1015625
15585280,59.1015625
15589376,59.1015625
15593472,59.1015625
15597568,59.1015625
15601664,59.1015625
15605760,59.1015625
15609856,59.1015625
15613952,59.1015625
15618048,59.1015625
15622144,59.1015625
15626240,59.1015625
15630336,59.1015625
15634432,59.1015625
15638528,59.1015625
15642624,59.1015625
15646720,59.1015625
15650816,59.1015625
15654912,59.1015625
15659008,59.1015625
15663104,59.1015625
15667200,59.1015625
15671296,59.1015625
15675392,59.1015625
15679488,59.1015625
15683584,59.2431640625
15687680,59.2578125
15691776,59.2578125
15695872,59.2578125
15699968,59.2578125
15704064,59.2578125
15708160,59.2578125
15712256,59.2578125
15716352,59.2578125
15720448,59.2578125
15724544,59.2578125
15728640,59.2578125
15732736,59.2578125
15736832,59.2578125
15740928,59.2578125
15745024,59.2578125
15749120,59.2578125
15753216,59.2578125
15757312,59.2578125
15761408,59.2578125
15765504,59.2578125
15769600,59.2578125
15773696,59.2578125
15777792,59.2578125
15781888,59.2578125
15785984,59.2578125
15790080,59.2578125
15794176,59.2578125
15798272,59.2578125
15802368,59.2578125
15806464,59.2578125
15810560,59.2578125
15814656,59.2578125
15818752,59.2578125
15822848,59.2578125
15826944,59.2578125
15831040,59.2578125
15835136,59.2578125
15839232,59.2578125
15843328,59.2578125
15847424,59.2578125
15851520,59.2578125
15855616,59.2578125
15859712,59.2578125
15863808,59.2578125
15867904,59.2578125
15872000,59.2578125
15876096,59.2578125
15880192,59.2578125
15884288,59.2578125
15888384,59.2578125
15892480,59.2578125
15896576,59.2578125
15900672,59.2578125
15904768,59.2578125
15908864,59.2578125
15912960,59.2578125
15917056,59.2578125
15921152,59.2578125
15925248,59.2578125
15929344,59.2578125
15933440,59.2578125
15937536,59.2578125
15941632,59.2578125
15945728,59.2578125
15949824,59.2578125
15953920,59.2578125
15958016,59.2578125
15962112,59.2578125
15966208,59.2578125
15970304,59.2578125
15974400,59.2578125
15978496,59.2578125
15982592,59.2578125
15986688,59.2578125
15990784,59.2578125
15994880,59.2578125
15998976,59.2578125
16003072,59.208984375
16007168,59.1953125
16011264,59.1953125
16015360,59.1953125
16019456,59.1953125
16023552,59.1953125
16027648,59.1953125
16031744,59.1953125
16035840,59.1953125
16039936,59.1953125
16044032,59.1953125
16048128,59.1953125
16052224,59.1953125
16056320,59.1953125
16060416,59.1953125
16064512,59.1953125
16068608,59.1953125
16072704,59.1953125
16076800,59.1953125
16080896,59.1953125
16084992,59.1953125
16089088,59.1953125
16093184,59.1953125
16097280,59.1953125
16101376,59.1953125
16105472,59.1953125
16109568,59.1953125
16113664,59.1953125
16117760,59.1953125
16121856,59.1953125
16125952,59.1953125
16130048,59.1953125
16134144,59.1953125
16138240,59.1953125
16142336,59.1953125
16146432,59.1953125
16150528,59.1953125
16154624,59.1953125
16158720,59.1953125
16162816,59.1953125
16166912,59.1953125
16171008,59.1953125
16175104,59.1953125
16179200,59.1953125
16183296,59.1953125
16187392,59.1953125
16191488,59.1953125
16195584,59.1953125
16199680,59.1953125
16203776,59.1953125
16207872,59.1953125
16211968,59.1953125
16216064,59.1953125
16220160,59.1953125
16224256,59.1953125
16228352,59.1953125
16232448,59.1953125
16236544,59.1953125
16240640,59.1953125
16244736,59.1953125
16248832,59.1953125
16252928,59.1953125
16257024,59.1953125
16261120,59.1953125
16265216,59.1953125
16269312,59.1953125
16273408,59.1953125
16277504,59.1953125
16281600,59.1953125
16285696,59.1953125
16289792,59.1953125
16293888,59.1953125
16297984,59.1953125
16302080,59.1953125
16306176,59.1953125
16310272,59.1953125
16314368,59.1953125
16318464,59.1953125
16322560,55.76025390625
16326656,53.9609375
16330752,53.9609375
16334848,53.9609375
16338944,53.9609375
16343040,53.9609375
16347136,53.9609375
16351232,53.9609375
16355328,53.9609375
16359424,53.9609375
16363520,53.9609375
16367616,53.9609375
16371712,53.9609375
16375808,53.9609375
16379904,53.9609375
16384000,53.9609375
16388096,53.9609375
16392192,53.9609375
16396288,53.9609375
16400384,53.9609375
16404480,53.9609375
16408576,53.9609375
16412672,53.9609375
16416768,53.9609375
16420864,53.9609375
16424960,53.9609375
16429056,53.9609375
16433152,53.9609375
16437248,53.9609375
16441344,53.9609375
16445440,53.9609375
16449536,53.9609375
16453632,53.9609375
16457728,53.9609375
16461824,53.9609375
16465920,53.9609375
16470016,53.9609375
16474112,53.9609375
16478208,53.9609375
16482304,53.9609375
16486400,53.9609375
16490496,53.9609375
16494592,53.9609375
16498688,53.9609375
16502784,53.9609375
16506880,53.9609375
16510976,53.9609375
16515072,53.9609375
16519168,53.9609375
16523264,53.9609375
16527360,53.9609375
16531456,53.9609375
16535552,53.9609375
16539648,53.9609375
16543744,53.9609375
16547840,53.9609375
16551936,53.9609375
16556032,53.9609375
16560128,53.9609375
16564224,53.9609375
16568320,53.9609375
16572416,53.9609375
16576512,53.9609375
16580608,53.9609375
16584704,53.9609375
16588800,53.9609375
16592896,53.9609375
16596992,53.9609375
16601088,53.9609375
16605184,53.9609375
16609280,53.9609375
16613376,53.9609375
16617472,53.9609375
16621568,53.9609375
16625664,53.9609375
16629760,53.9609375
16633856,53.9609375
16637952,53.9609375
16642048,56.488525390625
16646144,58.71875
16650240,58.71875
16654336,58.71875
16658432,58.71875
16662528,58.71875
16666624,58.71875
16670720,58.71875
16674816,58.71875
16678912,58.71875
16683008,58.71875
16687104,58.71875
16691200,58.71875
16695296,58.71875
16699392,58.71875
16703488,58.71875
16707584,58.71875
16711680,58.71875
16715776,58.71875
16719872,58.71875
16723968,58.71875
16728064,58.71875
16732160,58.71875
16736256,58.71875
16740352,58.71875
16744448,58.71875
16748544,58.71875
16752640,58.71875
16756736,58.71875
16760832,58.71875
16764928,58.71875
16769024,58.71875
16773120,58.71875
16777216,58.71875
16781312,58.71875
16785408,58.71875
16789504,58.71875
16793600,58.71875
16797696,58.71875
16801792,58.71875
16805888,58.71875
16809984,58.71875
16814080,58.71875
16818176,58.71875
16822272,58.71875
16826368,58.71875
16830464,58.71875
16834560,58.71875
16838656,58.71875
16842752,58.71875
16846848,58.71875
16850944,58.71875
16855040,58.71875
16859136,58.71875
16863232,58.71875
16867328,58.71875
16871424,58.71875
16875520,58.71875
16879616,58.71875
16883712,58.71875
16887808,58.71875
16891904,58.71875
16896000,58.71875
16900096,58.71875
16904192,58.71875
16908288,58.71875
16912384,58.71875
16916480,58.71875
16920576,58.71875
16924672,58.71875
16928768,58.71875
16932864,58.71875
16936960,58.71875
16941056,58.71875
16945152,58.71875
16949248,58.71875
16953344,58.71875
16957440,58.71875
16961536,58.76953125
16965632,58.84375
16969728,58.84375
16973824,58.84375
16977920,58.84375
16982016,58.84375
16986112,58.84375
16990208,58.84375
16994304,58.84375
16998400,58.84375
17002496,58.84375
17006592,58.84375
17010688,58.84375
17014784,58.84375
17018880,58.84375
17022976,58.84375
17027072,58.84375
17031168,58.84375
17035264,58.84375
17039360,58.84375
17043456,58.84375
17047552,58.84375
17051648,58.84375
17055744,58.84375
17059840,58.84375
17063936,58.84375
17068032,58.84375
17072128,58.84375
17076224,58.84375
17080320,58.84375
17084416,58.84375
17088512,58.84375
17092608,58.84375
17096704,58.84375
17100800,58.84375
17104896,58.84375
17108992,58.84375
17113088,58.84375
17117184,58.84375
17121280,58.84375
17125376,58.84375
17129472,58.84375
17133568,58.84375
17137664,58.84375
17141760,58.84375
17145856,58.84375
17149952,58.84375
17154048,58.84375
17158144,58.84375
17162240,58.84375
17166336,58.84375
17170432,58.84375
17174528,58.84375
17178624,58.84375
17182720,58.84375
17186816,58.84375
17190912,58.84375
17195008,58.84375
17199104,58.84375
17203200,58.84375
17207296,58.84375
17211392,58.84375
17215488,58.84375
17219584,58.84375
17223680,58.84375
17227776,58.84375
17231872,58.84375
17235968,58.84375
17240064,58.84375
17244160,58.84375
17248256,58.84375
17252352,58.84375
17256448,58.84375
17260544,58.84375
17264640,58.84375
17268736,58.84375
17272832,58.84375
17276928,58.84375
17281024,58.7822265625
17285120,58.625
17289216,58.625
17293312,58.625
17297408,58.625
17301504,58.625
17305600,58.625
17309696,58.625
17313792,58.625
17317888,58.625
17321984,58.625
17326080,58.625
17330176,58.625
17334272,58.625
17338368,58.625
17342464,58.625
17346560,58.625
17350656,58.625
17354752,58.625
17358848,58.625
17362944,58.625
17367040,58.625
17371136,58.625
17375232,58.625
17379328,58.625
17383424,58.625
17387520,58.625
17391616,58.625
17395712,58.625
17399808,58.625
17403904,58.625
17408000,58.625
17412096,58.625
17416192,58.625
17420288,58.625
17424384,58.625
17428480,58.625
17432576,58.625
17436672,58.625
17440768,58.625
17444864,58.625
17448960,58.625
17453056,58.625
17457152,58.625
17461248,58.625
17465344,58.625
17469440,58.625
17473536,58.625
17477632,58.625
17481728,58.625
17485824,58.625
17489920,58.625
17494016,58.625
17498112,58.625
17502208,58.625
17506304,58.625
17510400,58.625
17514496,58.625
17518592,58.625
17522688,58.625
17526784,58.625
17530880,58.625
17534976,58.625
17539072,58.625
17543168,58.625
17547264,58.625
17551360,58.625
17555456,58.625
17559552,58.625
17563648,58.625
17567744,58.625
17571840,58.625
17575936,58.625
17580032,58.625
17584128,58.625
17588224,58.625
17592320,58.625
17596416,58.625
17600512,58.68359375
17604608,59
17608704,59
17612800,59
17616896,59
17620992,59
17625088,59
17629184,59
17633280,59
17637376,59
17641472,59
17645568,59
17649664,59
17653760,59
17657856,59
17661952,59
17666048,59
17670144,59
17674240,59
17678336,59
17682432,59
17686528,59
17690624,59
17694720,59
17698816,59
17702912,59
17707008,59
17711104,59
17715200,59
17719296,59
17723392,59
17727488,59
17731584,59
17735680,59
17739776,59
17743872,59
17747968,59
17752064,59
17756160,59
17760256,59
17764352,59
17768448,59
17772544,59
17776640,59
17780736,59
17784832,59
17788928,59
17793024,59
17797120,59
17801216,59
17805312,59
17809408,59
17813504,59
17817600,59
17821696,59
17825792,59
17829888,59
17833984,59
17838080,59
17842176,59
17846272,59
17850368,59
17854464,59
17858560,59
17862656,59
17866752,59
17870848,59
17874944,59
17879040,59
17883136,59
17887232,59
17891328,59
17895424,59
17899520,59
17903616,59
17907712,59
17911808,59
17915904,59
17920000,59.01171875
17924096,59.375
17928192,59.375
17932288,59.375
17936384,59.375
17940480,59.375
17944576,59.375
17948672,59.375
17952768,59.375
17956864,59.375
17960960,59.375
17965056,59.375
17969152,59.375
17973248,59.375
17977344,59.375
17981440,59.375
17985536,59.375
17989632,59.375
17993728,59.375
17997824,59.375
18001920,59.375
18006016,59.375
18010112,59.375
18014208,59.375
18018304,59.375
18022400,59.375
18026496,59.375
18030592,59.375
18034688,59.375
18038784,59.375
18042880,59.375
18046976,59.375
18051072,59.375
18055168,59.375
18059264,59.375
18063360,59.375
18067456,59.375
18071552,59.375
18075648,59.375
18079744,59.375
18083840,59.375
18087936,59.375
18092032,59.375
18096128,59.375
18100224,59.375
18104320,59.375
18108416,59.375
18112512,59.375
18116608,59.375
18120704,59.375
18124800,59.375
18128896,59.375
18132992,59.375
18137088,59.375
18141184,59.375
18145280,59.375
18149376,59.375
18153472,59.375
18157568,59.375
18161664,59.375
18165760,59.375
18169856,59.375
18173952,59.375
18178048,59.375
18182144,59.375
18186240,59.375
18190336,59.375
18194432,59.375
18198528,59.375
18202624,59.375
18206720,59.375
18210816,59.375
18214912,59.375
18219008,59.375
18223104,59.375
18227200,59.375
18231296,59.375
18235392,59.375
18239488,59.375
18243584,59.721923828125
18247680,59.7578125
18251776,59.7578125
18255872,59.7578125
18259968,59.7578125
18264064,59.7578125
18268160,59.7578125
18272256,59.7578125
18276352,59.7578125
18280448,59.7578125
18284544,59.7578125
18288640,59.7578125
18292736,59.7578125
18296832,59.7578125
18300928,59.7578125
18305024,59.7578125
18309120,59.7578125
18313216,59.7578125
18317312,59.7578125
18321408,59.7578125
18325504,59.7578125
18329600,59.7578125
18333696,59.7578125
18337792,59.7578125
18341888,59.7578125
18345984,59.7578125
18350080,59.7578125
18354176,59.7578125
18358272,59.7578125
18362368,59.7578125
18366464,59.7578125
18370560,59.7578125
18374656,59.7578125
18378752,59.7578125
18382848,59.7578125
18386944,59.7578125
18391040,59.7578125
18395136,59.7578125
18399232,59.7578125
18403328,59.7578125
18407424,59.7578125
18411520,59.7578125
18415616,59.7578125
18419712,59.7578125
18423808,59.7578125
18427904,59.7578125
18432000,59.7578125
18436096,59.7578125
18440192,59.7578125
18444288,59.7578125
18448384,59.7578125
18452480,59.7578125
18456576,59.7578125
18460672,59.7578125
18464768,59.7578125
18468864,59.7578125
18472960,59.7578125
18477056,59.7578125
18481152,59.7578125
18485248,59.7578125
18489344,59.7578125
18493440,59.7578125
18497536,59.7578125
18501632,59.7578125
18505728,59.7578125
18509824,59.7578125
18513920,59.7578125
18518016,59.7578125
18522112,59.7578125
18526208,59.7578125
18530304,59.7578125
18534400,59.7578125
18538496,59.7578125
18542592,59.7578125
18546688,59.7578125
18550784,59.7578125
18554880,59.7578125
18558976,59.7578125
18563072,58.799560546875
18567168,58.53125
18571264,58.53125
18575360,58.53125
18579456,58.53125
18583552,58.53125
18587648,58.53125
18591744,58.53125
18595840,58.53125
18599936,58.53125
18604032,58.53125
18608128,58.53125
18612224,58.53125
18616320,58.53125
18620416,58.53125
18624512,58.53125
18628608,58.53125
18632704,58.53125
18636800,58.53125
18640896,58.53125
18644992,58.53125
18649088,58.53125
18653184,58.53125
18657280,58.53125
18661376,58.53125
18665472,58.53125
18669568,58.53125
18673664,58.53125
18677760,58.53125
18681856,58.53125
18685952,58.53125
18690048,58.53125
18694144,58.53125
18698240,58.53125
18702336,58.53125
18706432,58.53125
18710528,58.53125
18714624,58.53125
18718720,58.53125
18722816,58.53125
18726912,58.53125
18731008,58.53125
18735104,58.53125
18739200,58.53125
18743296,58.53125
18747392,58.53125
18751488,58.53125
18755584,58.53125
18759680,58.53125
18763776,58.53125
18767872,58.53125
18771968,58.53125
18776064,58.53125
18780160,58.53125
18784256,58.53125
18788352,58.53125
18792448,58.53125
18796544,58.53125
18800640,58.53125
18804736,58.53125
18808832,58.53125
18812928,58.53125
18817024,58.53125
18821120,58.53125
18825216,58.53125
18829312,58.53125
18833408,58.53125
18837504,58.53125
18841600,58.53125
18845696,58.53125
18849792,58.53125
18853888,58.53125
18857984,58.53125
18862080,58.53125
18866176,58.53125
18870272,58.53125
18874368,58.53125
18878464,58.53125
18882560,58.53125
18886656,58.53125
18890752,58.53125
18894848,58.53125
18898944,58.53125
18903040,58.53125
18907136,58.53125
18911232,58.53125
18915328,58.53125
18919424,58.53125
18923520,58.53125
18927616,58.53125
18931712,58.53125
18935808,58.53125
18939904,58.53125
18944000,58.53125
18948096,58.53125
18952192,58.53125
18956288,58.53125
18960384,58.53125
18964480,58.53125
18968576,58.53125
18972672,58.53125
18976768,58.53125
18980864,58.53125
18984960,58.53125
18989056,58.53125
18993152,58.53125
18997248,58.53125
19001344,58.53125
19005440,58.53125
19009536,58.53125
19013632,58.53125
19017728,58.53125
19021824,58.53125
19025920,58.53125
19030016,58.53125
19034112,58.53125
19038208,58.53125
19042304,58.53125
19046400,58.53125
19050496,58.53125
19054592,58.53125
19058688,58.53125
19062784,58.53125
19066880,58.53125
19070976,58.53125
19075072,58.53125
19079168,58.53125
19083264,58.53125
19087360,58.53125
19091456,58.53125
19095552,58.53125
19099648,58.53125
19103744,58.53125
19107840,58.53125
19111936,58.53125
19116032,58.53125
19120128,58.53125
19124224,58.53125
19128320,58.53125
19132416,58.53125
19136512,58.53125
19140608,58.53125
19144704,58.53125
19148800,58.53125
19152896,58.53125
19156992,58.53125
19161088,58.53125
19165184,58.53125
19169280,58.53125
19173376,58.53125
19177472,58.53125
19181568,58.53125
19185664,58.53125
19189760,58.53125
19193856,58.53125
19197952,58.53125
19202048,58.95458984375
19206144,59.328125
19210240,59.328125
19214336,59.328125
19218432,59.328125
19222528,59.328125
19226624,59.328125
19230720,59.328125
19234816,59.328125
19238912,59.328125
19243008,59.328125
19247104,59.328125
19251200,59.328125
19255296,59.328125
19259392,59.328125
19263488,59.328125
19267584,59.328125
19271680,59.328125
19275776,59.328125
19279872,59.328125
19283968,59.328125
19288064,59.328125
19292160,59.328125
19296256,59.328125
19300352,59.328125
19304448,59.328125
19308544,59.328125
19312640,59.328125
19316736,59.328125
19320832,59.328125
19324928,59.328125
19329024,59.328125
19333120,59.328125
19337216,59.328125
19341312,59.328125
19345408,59.328125
19349504,59.328125
19353600,59.328125
19357696,59.328125
19361792,59.328125
19365888,59.328125
19369984,59.328125
19374080,59.328125
19378176,59.328125
19382272,59.328125
19386368,59.328125
19390464,59.328125
19394560,59.328125
19398656,59.328125
19402752,59.328125
19406848,59.328125
19410944,59.328125
19415040,59.328125
19419136,59.328125
19423232,59.328125
19427328,59.328125
19431424,59.328125
19435520,59.328125
19439616,59.328125
19443712,59.328125
19447808,59.328125
19451904,59.328125
19456000,59.328125
19460096,59.328125
19464192,59.328125
19468288,59.328125
19472384,59.328125
19476480,59.328125
19480576,59.328125
19484672,59.328125
19488768,59.328125
19492864,59.328125
19496960,59.328125
19501056,59.328125
19505152,59.328125
19509248,59.328125
19513344,59.328125
19517440,59.328125
19521536,59.1630859375
19525632,58.921875
19529728,58.921875
19533824,58.921875
19537920,58.921875
19542016,58.921875
19546112,58.921875
19550208,58.921875
19554304,58.921875
19558400,58.921875
19562496,58.921875
19566592,58.921875
19570688,58.921875
19574784,58.921875
19578880,58.921875
19582976,58.921875
19587072,58.921875
19591168,58.921875
19595264,58.921875
19599360,58.921875
19603456,58.921875
19607552,58.921875
19611648,58.921875
19615744,58.921875
19619840,58.921875
19623936,58.921875
19628032,58.921875
19632128,58.921875
19636224,58.921875
19640320,58.921875
19644416,58.921875
19648512,58.921875
19652608,58.921875
19656704,58.921875
19660800,58.921875
19664896,58.921875
19668992,58.921875
19673088,58.921875
19677184,58.921875
19681280,58.921875
19685376,58.921875
19689472,58.921875
19693568,58.921875
19697664,58.921875
19701760,58.921875
19705856,58.921875
19709952,58.921875
19714048,58.921875
19718144,58.921875
19722240,58.921875
19726336,58.921875
19730432,58.921875
19734528,58.921875
19738624,58.921875
19742720,58.921875
19746816,58.921875
19750912,58.921875
19755008,58.921875
19759104,58.921875
19763200,58.921875
19767296,58.921875
19771392,58.921875
19775488,58.921875
19779584,58.921875
19783680,58.921875
19787776,58.921875
19791872,58.921875
19795968,58.921875
19800064,58.921875
19804160,58.921875
19808256,58.921875
19812352,58.921875
19816448,58.921875
19820544,58.921875
19824640,58.921875
19828736,58.921875
19832832,58.921875
19836928,58.921875
19841024,59.291015625
19845120,60.234375
19849216,60.234375
19853312,60.234375
19857408,60.234375
19861504,60.234375
19865600,60.234375
19869696,60.234375
19873792,60.234375
19877888,60.234375
19881984,60.234375
19886080,60.234375
19890176,60.234375
19894272,60.234375
19898368,60.234375
19902464,60.234375
19906560,60.234375
19910656,60.234375
19914752,60.234375
19918848,60.234375
19922944,60.234375
19927040,60.234375
19931136,60.234375
19935232,60.234375
19939328,60.234375
19943424,60.234375
19947520,60.234375
19951616,60.234375
19955712,60.234375
19959808,60.234375
19963904,60.234375
19968000,60.234375
19972096,60.234375
19976192,60.234375
19980288,60.234375
19984384,60.234375
19988480,60.234375
19992576,60.234375
19996672,60.234375
20000768,60.234375
20004864,60.234375
20008960,60.234375
20013056,60.234375
20017152,60.234375
20021248,60.234375
20025344,60.234375
20029440,60.234375
20033536,60.234375
20037632,60.234375
20041728,60.234375
20045824,60.234375
20049920,60.234375
20054016,60.234375
20058112,60.234375
20062208,60.234375
20066304,60.234375
20070400,60.234375
20074496,60.234375
20078592,60.234375
20082688,60.234375
20086784,60.234375
20090880,60.234375
20094976,60.234375
20099072,60.234375
20103168,60.234375
20107264,60.234375
20111360,60.234375
20115456,60.234375
20119552,60.234375
20123648,60.234375
20127744,60.234375
20131840,60.234375
20135936,60.234375
20140032,60.234375
20144128,60.234375
20148224,60.234375
20152320,60.234375
20156416,60.234375
20160512,60.120849609375
20164608,59.5078125
20168704,59.5078125
20172800,59.5078125
20176896,59.5078125
20180992,59.5078125
20185088,59.5078125
20189184,59.5078125
20193280,59.5078125
20197376,59.5078125
20201472,59.5078125
20205568,59.5078125
20209664,59.5078125
20213760,59.5078125
20217856,59.5078125
20221952,59.5078125
20226048,59.5078125
20230144,59.5078125
20234240,59.5078125
20238336,59.5078125
20242432,59.5078125
20246528,59.5078125
20250624,59.5078125
20254720,59.5078125
20258816,59.5078125
20262912,59.5078125
20267008,59.5078125
20271104,59.5078125
20275200,59.5078125
20279296,59.5078125
20283392,59.5078125
20287488,59.5078125
20291584,59.5078125
20295680,59.5078125
20299776,59.5078125
20303872,59.5078125
20307968,59.5078125
20312064,59.5078125
20316160,59.5078125
20320256,59.5078125
20324352,59.5078125
20328448,59.5078125
20332544,59.5078125
20336640,59.5078125
20340736,59.5078125
20344832,59.5078125
20348928,59.5078125
20353024,59.5078125
20357120,59.5078125
20361216,59.5078125
20365312,59.5078125
20369408,59.5078125
20373504,59.5078125
20377600,59.5078125
20381696,59.5078125
20385792,59.5078125
20389888,59.5078125
20393984,59.5078125
20398080,59.5078125
20402176,59.5078125
20406272,59.5078125
20410368,59.5078125
20414464,59.5078125
20418560,59.5078125
20422656,59.5078125
20426752,59.5078125
20430848,59.5078125
20434944,59.5078125
20439040,59.5078125
20443136,59.5078125
20447232,59.5078125
20451328,59.5078125
20455424,59.5078125
20459520,59.5078125
20463616,59.5078125
20467712,59.5078125
20471808,59.5078125
20475904,59.5078125
20480000,59.531494140625
20484096,60.265625
20488192,60.265625
20492288,60.265625
20496384,60.265625
20500480,60.265625
20504576,60.265625
20508672,60.265625
20512768,60.265625
20516864,60.265625
20520960,60.265625
20525056,60.265625
20529152,60.265625
20533248,60.265625
20537344,60.265625
20541440,60.265625
20545536,60.265625
20549632,60.265625
20553728,60.265625
20557824,60.265625
20561920,60.265625
20566016,60.265625
20570112,60.265625
20574208,60.265625
20578304,60.265625
20582400,60.265625
20586496,60.265625
20590592,60.265625
20594688,60.265625
20598784,60.265625
20602880,60.265625
20606976,60.265625
20611072,60.265625
20615168,60.265625
20619264,60.265625
20623360,60.265625
20627456,60.265625
20631552,60.265625
20635648,60.265625
20639744,60.265625
20643840,60.265625
20647936,60.265625
20652032,60.265625
20656128,60.265625
20660224,60.265625
20664320,60.265625
20668416,60.265625
20672512,60.265625
20676608,60.265625
20680704,60.265625
20684800,60.265625
20688896,60.265625
20692992,60.265625
20697088,60.265625
20701184,60.265625
20705280,60.265625
20709376,60.265625
20713472,60.265625
20717568,60.265625
20721664,60.265625
20725760,60.265625
20729856,60.265625
20733952,60.265625
20738048,60.265625
20742144,60.265625
20746240,60.265625
20750336,60.265625
20754432,60.265625
20758528,60.265625
20762624,60.265625
20766720,60.265625
20770816,60.265625
20774912,60.265625
20779008,60.265625
20783104,60.265625
20787200,60.265625
20791296,60.265625
20795392,60.265625
20799488,60.265625
20803584,59.607177734375
20807680,59.5390625
20811776,59.5390625
20815872,59.5390625
20819968,59.5390625
20824064,59.5390625
20828160,59.5390625
20832256,59.5390625
20836352,59.5390625
20840448,59.5390625
20844544,59.5390625
20848640,59.5390625
20852736,59.5390625
20856832,59.5390625
20860928,59.5390625
20865024,59.5390625
20869120,59.5390625
20873216,59.5390625
20877312,59.5390625
20881408,59.5390625
20885504,59.5390625
20889600,59.5390625
20893696,59.5390625
20897792,59.5390625
20901888,59.5390625
20905984,59.5390625
20910080,59.5390625
20914176,59.5390625
20918272,59.5390625
20922368,59.5390625
20926464,59.5390625
20930560,59.5390625
20934656,59.5390625
20938752,59.5390625
20942848,59.5390625
20946944,59.5390625
20951040,59.5390625
20955136,59.5390625
20959232,59.5390625
20963328,59.5390625
20967424,59.5390625
20971520,59.5390625
20975616,59.5390625
20979712,59.5390625
20983808,59.5390625
20987904,59.5390625
20992000,59.5390625
20996096,59.5390625
21000192,59.5390625
21004288,59.5390625
21008384,59.5390625
21012480,59.5390625
21016576,59.5390625
21020672,59.5390625
21024768,59.5390625
21028864,59.5390625
21032960,59.5390625
21037056,59.5390625
21041152,59.5390625
21045248,59.5390625
21049344,59.5390625
21053440,59.5390625
21057536,59.5390625
21061632,59.5390625
21065728,59.5390625
21069824,59.5390625
21073920,59.5390625
21078016,59.5390625
21082112,59.5390625
21086208,59.5390625
21090304,59.5390625
21094400,59.5390625
21098496,59.5390625
21102592,59.5390625
21106688,59.5390625
21110784,59.5390625
21114880,59.5390625
21118976,59.5390625
21123072,58.788330078125
21127168,58.578125
21131264,58.578125
21135360,58.578125
21139456,58.578125
21143552,58.578125
21147648,58.578125
21151744,58.578125
21155840,58.578125
21159936,58.578125
21164032,58.578125
21168128,58.578125
21172224,58.578125
21176320,58.578125
21180416,58.578125
21184512,58.578125
21188608,58.578125
21192704,58.578125
21196800,58.578125
21200896,58.578125
21204992,58.578125
21209088,58.578125
21213184,58.578125
21217280,58.578125
21221376,58.578125
21225472,58.578125
21229568,58.578125
21233664,58.578125
21237760,58.578125
21241856,58.578125
21245952,58.578125
21250048,58.578125
21254144,58.578125
21258240,58.578125
21262336,58.578125
21266432,58.578125
21270528,58.578125
21274624,58.578125
21278720,58.578125
21282816,58.578125
21286912,58.578125
21291008,58.578125
21295104,58.578125
21299200,58.578125
21303296,58.578125
21307392,58.578125
21311488,58.578125
21315584,58.578125
21319680,58.578125
21323776,58.578125
21327872,58.578125
21331968,58.578125
21336064,58.578125
21340160,58.578125
21344256,58.578125
21348352,58.578125
21352448,58.578125
21356544,58.578125
21360640,58.578125
21364736,58.578125
21368832,58.578125
21372928,58.578125
21377024,58.578125
21381120,58.578125
21385216,58.578125
21389312,58.578125
21393408,58.578125
21397504,58.578125
21401600,58.578125
21405696,58.578125
21409792,58.578125
21413888,58.578125
21417984,58.578125
21422080,58.578125
21426176,58.578125
21430272,58.578125
21434368,58.578125
21438464,58.578125
21442560,58.67041015625
21446656,58.71875
21450752,58.71875
21454848,58.71875
21458944,58.71875
21463040,58.71875
21467136,58.71875
21471232,58.71875
21475328,58.71875
21479424,58.71875
21483520,58.71875
21487616,58.71875
21491712,58.71875
21495808,58.71875
21499904,58.71875
21504000,58.71875
21508096,58.71875
21512192,58.71875
21516288,58.71875
21520384,58.71875
21524480,58.71875
21528576,58.71875
21532672,58.71875
21536768,58.71875
21540864,58.71875
21544960,58.71875
21549056,58.71875
21553152,58.71875
21557248,58.71875
21561344,58.71875
21565440,58.71875
21569536,58.71875
21573632,58.71875
21577728,58.71875
21581824,58.71875
21585920,58.71875
21590016,58.71875
21594112,58.71875
21598208,58.71875
21602304,58.71875
21606400,58.71875
21610496,58.71875
21614592,58.71875
21618688,58.71875
21622784,58.71875
21626880,58.71875
21630976,58.71875
21635072,58.71875
21639168,58.71875
21643264,58.71875
21647360,58.71875
21651456,58.71875
21655552,58.71875
21659648,58.71875
21663744,58.71875
21667840,58.71875
21671936,58.71875
21676032,58.71875
21680128,58.71875
21684224,58.71875
21688320,58.71875
21692416,58.71875
21696512,58.71875
21700608,58.71875
21704704,58.71875
21708800,58.71875
21712896,58.71875
21716992,58.71875
21721088,58.71875
21725184,58.71875
21729280,58.71875
21733376,58.71875
21737472,58.71875
21741568,58.71875
21745664,58.71875
21749760,58.71875
21753856,58.71875
21757952,58.71875
21762048,58.95947265625
21766144,59.171875
21770240,59.171875
21774336,59.171875
21778432,59.171875
21782528,59.171875
21786624,59.171875
21790720,59.171875
21794816,59.171875
21798912,59.171875
21803008,59.171875
21807104,59.171875
21811200,59.171875
21815296,59.171875
21819392,59.171875
21823488,59.171875
21827584,59.171875
21831680,59.171875
21835776,59.171875
21839872,59.171875
21843968,59.171875
21848064,59.171875
21852160,59.171875
21856256,59.171875
21860352,59.171875
21864448,59.171875
21868544,59.171875
21872640,59.171875
21876736,59.171875
21880832,59.171875
21884928,59.171875
21889024,59.171875
21893120,59.171875
21897216,59.171875
21901312,59.171875
21905408,59.171875
21909504,59.171875
21913600,59.171875
21917696,59.171875
21921792,59.171875
21925888,59.171875
21929984,59.171875
21934080,59.171875
21938176,59.171875
21942272,59.171875
21946368,59.171875
21950464,59.171875
21954560,59.171875
21958656,59.171875
21962752,59.171875
21966848,59.171875
21970944,59.171875
21975040,59.171875
21979136,59.171875
21983232,59.171875
21987328,59.171875
21991424,59.171875
21995520,59.171875
21999616,59.171875
22003712,59.171875
22007808,59.171875
22011904,59.171875
22016000,59.171875
22020096,59.171875
22024192,59.171875
22028288,59.171875
22032384,59.171875
22036480,59.171875
22040576,59.171875
22044672,59.171875
22048768,59.171875
22052864,59.171875
22056960,59.171875
22061056,59.171875
22065152,59.171875
22069248,59.171875
22073344,59.171875
22077440,59.171875
22081536,59.467041015625
22085632,59.8984375
22089728,59.8984375
22093824,59.8984375
22097920,59.8984375
22102016,59.8984375
22106112,59.8984375
22110208,59.8984375
22114304,59.8984375
22118400,59.8984375
22122496,59.8984375
22126592,59.8984375
22130688,59.8984375
22134784,59.8984375
22138880,59.8984375
22142976,59.8984375
22147072,59.8984375
22151168,59.8984375
22155264,59.8984375
22159360,59.8984375
22163456,59.8984375
22167552,59.8984375
22171648,59.8984375
22175744,59.8984375
22179840,59.8984375
22183936,59.8984375
22188032,59.8984375
22192128,59.8984375
22196224,59.8984375
22200320,59.8984375
22204416,59.8984375
22208512,59.8984375
22212608,59.8984375
22216704,59.8984375
22220800,59.8984375
22224896,59.8984375
22228992,59.8984375
22233088,59.8984375
22237184,59.8984375
22241280,59.8984375
22245376,59.8984375
22249472,59.8984375
22253568,59.8984375
22257664,59.8984375
22261760,59.8984375
22265856,59.8984375
22269952,59.8984375
22274048,59.8984375
22278144,59.8984375
22282240,59.8984375
22286336,59.8984375
22290432,59.8984375
22294528,59.8984375
22298624,59.8984375
22302720,59.8984375
22306816,59.8984375
22310912,59.8984375
22315008,59.8984375
22319104,59.8984375
22323200,59.8984375
22327296,59.8984375
22331392,59.8984375
22335488,59.8984375
22339584,59.8984375
22343680,59.8984375
22347776,59.8984375
22351872,59.8984375
22355968,59.8984375
22360064,59.8984375
22364160,59.8984375
22368256,59.8984375
22372352,59.8984375
22376448,59.8984375
22380544,59.8984375
22384640,59.8984375
22388736,59.8984375
22392832,59.8984375
22396928,59.8984375
22401024,59.861083984375
22405120,59.765625
22409216,59.765625
22413312,59.765625
22417408,59.765625
22421504,59.765625
22425600,59.765625
22429696,59.765625
22433792,59.765625
22437888,59.765625
22441984,59.765625
22446080,59.765625
22450176,59.765625
22454272,59.765625
22458368,59.765625
22462464,59.765625
22466560,59.765625
22470656,59.765625
22474752,59.765625
22478848,59.765625
22482944,59.765625
22487040,59.765625
22491136,59.765625
22495232,59.765625
22499328,59.765625
22503424,59.765625
22507520,59.765625
22511616,59.765625
22515712,59.765625
22519808,59.765625
22523904,59.765625
22528000,59.765625
22532096,59.765625
22536192,59.765625
22540288,59.765625
22544384,59.765625
22548480,59.765625
22552576,59.765625
22556672,59.765625
22560768,59.765625
22564864,59.765625
22568960,59.765625
22573056,59.765625
22577152,59.765625
22581248,59.765625
22585344,59.765625
22589440,59.765625
22593536,59.765625
22597632,59.765625
22601728,59.765625
22605824,59.765625
22609920,59.765625
22614016,59.765625
22618112,59.765625
22622208,59.765625
22626304,59.765625
22630400,59.765625
22634496,59.765625
22638592,59.765625
22642688,59.765625
22646784,59.765625
22650880,59.765625
22654976,59.765625
22659072,59.765625
22663168,59.765625
22667264,59.765625
22671360,59.765625
22675456,59.765625
22679552,59.765625
22683648,59.765625
22687744,59.765625
22691840,59.765625
22695936,59.765625
22700032,59.765625
22704128,59.765625
22708224,59.765625
22712320,59.765625
22716416,59.765625
22720512,59.793701171875
22724608,59.9453125
22728704,59.9453125
22732800,59.9453125
22736896,59.9453125
22740992,59.9453125
22745088,59.9453125
22749184,59.9453125
22753280,59.9453125
22757376,59.9453125
22761472,59.9453125
22765568,59.9453125
22769664,59.9453125
22773760,59.9453125
22777856,59.9453125
22781952,59.9453125
22786048,59.9453125
22790144,59.9453125
22794240,59.9453125
22798336,59.9453125
22802432,59.9453125
22806528,59.9453125
22810624,59.9453125
22814720,59.9453125
22818816,59.9453125
22822912,59.9453125
22827008,59.9453125
22831104,59.9453125
22835200,59.9453125
22839296,59.9453125
22843392,59.9453125
22847488,59.9453125
22851584,59.9453125
22855680,59.9453125
22859776,59.9453125
22863872,59.9453125
22867968,59.9453125
22872064,59.9453125
22876160,59.9453125
22880256,59.9453125
22884352,59.9453125
22888448,59.9453125
22892544,59.9453125
22896640,59.9453125
22900736,59.9453125
22904832,59.9453125
22908928,59.9453125
22913024,59.9453125
22917120,59.9453125
22921216,59.9453125
22925312,59.9453125
22929408,59.9453125
22933504,59.9453125
22937600,59.9453125
22941696,59.9453125
22945792,59.9453125
22949888,59.9453125
22953984,59.9453125
22958080,59.9453125
22962176,59.9453125
22966272,59.9453125
22970368,59.9453125
22974464,59.9453125
22978560,59.9453125
22982656,59.9453125
22986752,59.9453125
22990848,59.9453125
22994944,59.9453125
22999040,59.9453125
23003136,59.9453125
23007232,59.9453125
23011328,59.9453125
23015424,59.9453125
23019520,59.9453125
23023616,59.9453125
23027712,59.9453125
23031808,59.9453125
23035904,59.9453125
23040000,59.9580078125
23044096,60.3515625
23048192,60.3515625
23052288,60.3515625
23056384,60.3515625
23060480,60.3515625
23064576,60.3515625
23068672,60.3515625
23072768,60.3515625
23076864,60.3515625
23080960,60.3515625
23085056,60.3515625
23089152,60.3515625
23093248,60.3515625
23097344,60.3515625
23101440,60.3515625
23105536,60.3515625
23109632,60.3515625
23113728,60.3515625
23117824,60.3515625
23121920,60.3515625
23126016,60.3515625
23130112,60.3515625
23134208,60.3515625
23138304,60.3515625
23142400,60.3515625
23146496,60.3515625
23150592,60.3515625
23154688,60.3515625
23158784,60.3515625
23162880,60.3515625
23166976,60.3515625
23171072,60.3515625
23175168,60.3515625
23179264,60.3515625
23183360,60.3515625
23187456,60.3515625
23191552,60.3515625
23195648,60.3515625
23199744,60.3515625
23203840,60.3515625
23207936,60.3515625
23212032,60.3515625
23216128,60.3515625
23220224,60.3515625
23224320,60.3515625
23228416,60.3515625
23232512,60.3515625
23236608,60.3515625
23240704,60.3515625
23244800,60.3515625
23248896,60.3515625
23252992,60.3515625
23257088,60.3515625
23261184,60.3515625
23265280,60.3515625
23269376,60.3515625
23273472,60.3515625
23277568,60.3515625
23281664,60.3515625
23285760,60.3515625
23289856,60.3515625
23293952,60.3515625
23298048,60.3515625
23302144,60.3515625
23306240,60.3515625
23310336,60.3515625
23314432,60.3515625
23318528,60.3515625
23322624,60.3515625
23326720,60.3515625
23330816,60.3515625
23334912,60.3515625
23339008,60.3515625
23343104,60.3515625
23347200,60.3515625
23351296,60.3515625
23355392,60.3515625
23359488,60.3515625
23363584,60.181640625
23367680,60.1640625
23371776,60.1640625
23375872,60.1640625
23379968,60.1640625
23384064,60.1640625
23388160,60.1640625
23392256,60.1640625
23396352,60.1640625
23400448,60.1640625
23404544,60.1640625
23408640,60.1640625
23412736,60.1640625
23416832,60.1640625
23420928,60.1640625
23425024,60.1640625
23429120,60.1640625
23433216,60.1640625
23437312,60.1640625
23441408,60.1640625
23445504,60.1640625
23449600,60.1640625
23453696,60.1640625
23457792,60.1640625
23461888,60.1640625
23465984,60.1640625
23470080,60.1640625
23474176,60.1640625
23478272,60.1640625
23482368,60.1640625
23486464,60.1640625
23490560,60.1640625
23494656,60.1640625
23498752,60.1640625
23502848,60.1640625
23506944,60.1640625
23511040,60.1640625
23515136,60.1640625
23519232,60.1640625
23523328,60.1640625
